WaferID,DMT_X_mm,DMT_Y_mm,TFK_X_mm,TFK_Y_mm,DMT_Thickness,TFK_Thickness,Distance_mm,Thickness_Delta,DMT_File,TFK_File
AANBD159TED5,0.0,0.0,0.0067,-3.6622,3349.712,3376.919922,3.6622061288245367,-27.207922000000053,2026-03-26T10.03.50.2581867-LCTW01516-8374-DMT115-TTG624-DMTDUMMY.xml,2026-03-25T13.38.44.1119450-LCTW01516-8374-TFK659-TTG624-MFGM484CDTFK.xml
AANBD159TED5,18.0,18.0,19.3019,19.3019,3344.474,3373.689941,1.8411646368535322,-29.21594099999993,2026-03-26T10.03.50.2581867-LCTW01516-8374-DMT115-TTG624-DMTDUMMY.xml,2026-03-25T13.38.44.1119450-LCTW01516-8374-TFK659-TTG624-MFGM484CDTFK.xml
AANBD159TED5,18.0,-21.0,19.3019,-19.3019,3343.217,3374.060059,2.1397399888771536,-30.843058999999812,2026-03-26T10.03.50.2581867-LCTW01516-8374-DMT115-TTG624-DMTDUMMY.xml,2026-03-25T13.38.44.1119450-LCTW01516-8374-TFK659-TTG624-MFGM484CDTFK.xml
AANBD159TED5,-48.0,-36.0,-47.4578,-36.4348,3340.395,3370.169922,0.6950049496226653,-29.77492200000006,2026-03-26T10.03.50.2581867-LCTW01516-8374-DMT115-TTG624-DMTDUMMY.xml,2026-03-25T13.38.44.1119450-LCTW01516-8374-TFK659-TTG624-MFGM484CDTFK.xml
AANBD159TED5,-57.0,18.0,-57.9062,19.3019,3339.099,3367.189941,1.5862351811758546,-28.09094099999993,2026-03-26T10.03.50.2581867-LCTW01516-8374-DMT115-TTG624-DMTDUMMY.xml,2026-03-25T13.38.44.1119450-LCTW01516-8374-TFK659-TTG624-MFGM484CDTFK.xml
AANBD159TED5,-18.0,-57.0,-19.3019,-57.9062,3336.877,3368.379883,1.5862351811758546,-31.50288300000011,2026-03-26T10.03.50.2581867-LCTW01516-8374-DMT115-TTG624-DMTDUMMY.xml,2026-03-25T13.38.44.1119450-LCTW01516-8374-TFK659-TTG624-MFGM484CDTFK.xml
AANBD159TED5,-18.0,57.0,-19.3019,57.9062,3339.354,3370.149902,1.5862351811758546,-30.795902000000297,2026-03-26T10.03.50.2581867-LCTW01516-8374-DMT115-TTG624-DMTDUMMY.xml,2026-03-25T13.38.44.1119450-LCTW01516-8374-TFK659-TTG624-MFGM484CDTFK.xml
AANBD159TED5,72.0,-3.0,71.2039,-3.6622,3338.998,3366.840088,1.035511491969062,-27.842087999999876,2026-03-26T10.03.50.2581867-LCTW01516-8374-DMT115-TTG624-DMTDUMMY.xml,2026-03-25T13.38.44.1119450-LCTW01516-8374-TFK659-TTG624-MFGM484CDTFK.xml
AANBD159TED5,57.0,57.0,57.9062,57.9062,3336.68,3365.949951,1.2815603302224963,-29.26995100000022,2026-03-26T10.03.50.2581867-LCTW01516-8374-DMT115-TTG624-DMTDUMMY.xml,2026-03-25T13.38.44.1119450-LCTW01516-8374-TFK659-TTG624-MFGM484CDTFK.xml
AANBD159TED5,-72.0,63.0,-71.1902,61.8829,3334.428,3363.5,1.37974216794298,-29.072000000000116,2026-03-26T10.03.50.2581867-LCTW01516-8374-DMT115-TTG624-DMTDUMMY.xml,2026-03-25T13.38.44.1119450-LCTW01516-8374-TFK659-TTG624-MFGM484CDTFK.xml
AANBD159TED5,18.0,-96.0,19.3019,-96.51,3335.092,3361.719971,1.398228740228152,-26.62797099999989,2026-03-26T10.03.50.2581867-LCTW01516-8374-DMT115-TTG624-DMTDUMMY.xml,2026-03-25T13.38.44.1119450-LCTW01516-8374-TFK659-TTG624-MFGM484CDTFK.xml
AANBD159TED5,18.0,96.0,19.3019,96.51,3336.085,3363.909912,1.398228740228152,-27.82491200000004,2026-03-26T10.03.50.2581867-LCTW01516-8374-DMT115-TTG624-DMTDUMMY.xml,2026-03-25T13.38.44.1119450-LCTW01516-8374-TFK659-TTG624-MFGM484CDTFK.xml
AANBD159TED5,96.0,18.0,96.51,19.3019,3336.604,3362.060059,1.398228740228152,-25.456059000000096,2026-03-26T10.03.50.2581867-LCTW01516-8374-DMT115-TTG624-DMTDUMMY.xml,2026-03-25T13.38.44.1119450-LCTW01516-8374-TFK659-TTG624-MFGM484CDTFK.xml
AANBD159TED5,72.0,-69.0,71.2039,-69.2075,3335.698,3364.47998,0.8226976722952309,-28.781980000000203,2026-03-26T10.03.50.2581867-LCTW01516-8374-DMT115-TTG624-DMTDUMMY.xml,2026-03-25T13.38.44.1119450-LCTW01516-8374-TFK659-TTG624-MFGM484CDTFK.xml
AANBD159TED5,-96.0,-57.0,-96.51,-57.9062,3332.856,3361.610107,1.0398550091238692,-28.75410699999975,2026-03-26T10.03.50.2581867-LCTW01516-8374-DMT115-TTG624-DMTDUMMY.xml,2026-03-25T13.38.44.1119450-LCTW01516-8374-TFK659-TTG624-MFGM484CDTFK.xml
AANBD159TED5,-57.0,-96.0,-57.9062,-96.51,3333.675,3361.77002,1.0398550091238692,-28.09501999999975,2026-03-26T10.03.50.2581867-LCTW01516-8374-DMT115-TTG624-DMTDUMMY.xml,2026-03-25T13.38.44.1119450-LCTW01516-8374-TFK659-TTG624-MFGM484CDTFK.xml
AANBD159TED5,-57.0,96.0,-57.9062,96.51,3334.908,3363.01001,1.0398550091238692,-28.102010000000064,2026-03-26T10.03.50.2581867-LCTW01516-8374-DMT115-TTG624-DMTDUMMY.xml,2026-03-25T13.38.44.1119450-LCTW01516-8374-TFK659-TTG624-MFGM484CDTFK.xml
AANBD159TED5,96.0,63.0,94.9361,61.8829,3336.079,3363.139893,1.5426586206935122,-27.06089299999985,2026-03-26T10.03.50.2581867-LCTW01516-8374-DMT115-TTG624-DMTDUMMY.xml,2026-03-25T13.38.44.1119450-LCTW01516-8374-TFK659-TTG624-MFGM484CDTFK.xml
AANBD159TED5,-120.0,-3.0,-118.655,-3.6622,3330.436,3358.639893,1.4991777212859043,-28.20389299999988,2026-03-26T10.03.50.2581867-LCTW01516-8374-DMT115-TTG624-DMTDUMMY.xml,2026-03-25T13.38.44.1119450-LCTW01516-8374-TFK659-TTG624-MFGM484CDTFK.xml
AANBD159TED5,0.0,126.0,0.0067,127.428,3333.307,3360.060059,1.4280157177006112,-26.75305900000012,2026-03-26T10.03.50.2581867-LCTW01516-8374-DMT115-TTG624-DMTDUMMY.xml,2026-03-25T13.38.44.1119450-LCTW01516-8374-TFK659-TTG624-MFGM484CDTFK.xml
AANBD159TED5,0.0,-135.0,0.0067,-134.7529999,3325.405,3355.659912,0.24709095369926845,-30.254911999999877,2026-03-26T10.03.50.2581867-LCTW01516-8374-DMT115-TTG624-DMTDUMMY.xml,2026-03-25T13.38.44.1119450-LCTW01516-8374-TFK659-TTG624-MFGM484CDTFK.xml
AANBD159TED5,-96.0,96.0,-96.51,96.51,3328.428,3356.889893,0.7212489168102857,-28.461893000000146,2026-03-26T10.03.50.2581867-LCTW01516-8374-DMT115-TTG624-DMTDUMMY.xml,2026-03-25T13.38.44.1119450-LCTW01516-8374-TFK659-TTG624-MFGM484CDTFK.xml
AANBD159TED5,96.0,-96.0,96.51,-96.51,3329.056,3356.570068,0.7212489168102857,-27.514067999999952,2026-03-26T10.03.50.2581867-LCTW01516-8374-DMT115-TTG624-DMTDUMMY.xml,2026-03-25T13.38.44.1119450-LCTW01516-8374-TFK659-TTG624-MFGM484CDTFK.xml
AANBD159TED5,135.0,18.0,136.2,19.3019,3328.565,3356.790039,1.7705771968485227,-28.225038999999924,2026-03-26T10.03.50.2581867-LCTW01516-8374-DMT115-TTG624-DMTDUMMY.xml,2026-03-25T13.38.44.1119450-LCTW01516-8374-TFK659-TTG624-MFGM484CDTFK.xml
AANBD159TED5,72.0,126.0,71.2039,127.428,3327.317,3353.899902,1.6349187166339447,-26.582902000000104,2026-03-26T10.03.50.2581867-LCTW01516-8374-DMT115-TTG624-DMTDUMMY.xml,2026-03-25T13.38.44.1119450-LCTW01516-8374-TFK659-TTG624-MFGM484CDTFK.xml
AANBD159TED5,141.0,-36.0,142.401,-36.4348,3328.03,3360.419922,1.466919234313884,-32.38992199999984,2026-03-26T10.03.50.2581867-LCTW01516-8374-DMT115-TTG624-DMTDUMMY.xml,2026-03-25T13.38.44.1119450-LCTW01516-8374-TFK659-TTG624-MFGM484CDTFK.xml
AANBD159TED5,-135.0,-57.0,-136.2,-57.9062,3327.951,3379.280029,1.503728180224062,-51.32902899999999,2026-03-26T10.03.50.2581867-LCTW01516-8374-DMT115-TTG624-DMTDUMMY.xml,2026-03-25T13.38.44.1119450-LCTW01516-8374-TFK659-TTG624-MFGM484CDTFK.xml
AANBD159TED5,-135.0,57.0,-136.2,57.9062,3327.323,3382.300049,1.503728180224062,-54.97704900000008,2026-03-26T10.03.50.2581867-LCTW01516-8374-DMT115-TTG624-DMTDUMMY.xml,2026-03-25T13.38.44.1119450-LCTW01516-8374-TFK659-TTG624-MFGM484CDTFK.xml
AANBD159TED5,-57.0,-135.0,-57.9062,-136.2,3329.193,3377.780029,1.503728180224062,-48.5870289999998,2026-03-26T10.03.50.2581867-LCTW01516-8374-DMT115-TTG624-DMTDUMMY.xml,2026-03-25T13.38.44.1119450-LCTW01516-8374-TFK659-TTG624-MFGM484CDTFK.xml
AANBD159TED5,-57.0,135.0,-57.9062,136.2,3326.933,3381.179932,1.503728180224062,-54.246932000000015,2026-03-26T10.03.50.2581867-LCTW01516-8374-DMT115-TTG624-DMTDUMMY.xml,2026-03-25T13.38.44.1119450-LCTW01516-8374-TFK659-TTG624-MFGM484CDTFK.xml
AANBD159TED5,57.0,-135.0,57.9062,-136.2,3332.912,3378.699951,1.503728180224062,-45.78795100000025,2026-03-26T10.03.50.2581867-LCTW01516-8374-DMT115-TTG624-DMTDUMMY.xml,2026-03-25T13.38.44.1119450-LCTW01516-8374-TFK659-TTG624-MFGM484CDTFK.xml
AANBD182TEC1,0.0,0.0,0.0067,-3.6622,3351.246,3378.399902,3.6622061288245367,-27.153902000000016,2026-03-26T10.03.50.2581867-LCTW01516-8374-DMT115-TTG624-DMTDUMMY.xml,2026-03-25T13.38.44.1119450-LCTW01516-8374-TFK659-TTG624-MFGM484CDTFK.xml
AANBD182TEC1,18.0,18.0,19.3019,19.3019,3354.162,3384.600098,1.8411646368535322,-30.438098000000082,2026-03-26T10.03.50.2581867-LCTW01516-8374-DMT115-TTG624-DMTDUMMY.xml,2026-03-25T13.38.44.1119450-LCTW01516-8374-TFK659-TTG624-MFGM484CDTFK.xml
AANBD182TEC1,18.0,-21.0,19.3019,-19.3019,3354.199,3385.810059,2.1397399888771536,-31.61105899999984,2026-03-26T10.03.50.2581867-LCTW01516-8374-DMT115-TTG624-DMTDUMMY.xml,2026-03-25T13.38.44.1119450-LCTW01516-8374-TFK659-TTG624-MFGM484CDTFK.xml
AANBD182TEC1,-48.0,-36.0,-47.4578,-36.4348,3355.29,3385.370117,0.6950049496226653,-30.080116999999973,2026-03-26T10.03.50.2581867-LCTW01516-8374-DMT115-TTG624-DMTDUMMY.xml,2026-03-25T13.38.44.1119450-LCTW01516-8374-TFK659-TTG624-MFGM484CDTFK.xml
AANBD182TEC1,-57.0,18.0,-57.9062,19.3019,3352.063,3383.080078,1.5862351811758546,-31.017077999999856,2026-03-26T10.03.50.2581867-LCTW01516-8374-DMT115-TTG624-DMTDUMMY.xml,2026-03-25T13.38.44.1119450-LCTW01516-8374-TFK659-TTG624-MFGM484CDTFK.xml
AANBD182TEC1,-18.0,-57.0,-19.3019,-57.9062,3353.003,3383.719971,1.5862351811758546,-30.71697099999983,2026-03-26T10.03.50.2581867-LCTW01516-8374-DMT115-TTG624-DMTDUMMY.xml,2026-03-25T13.38.44.1119450-LCTW01516-8374-TFK659-TTG624-MFGM484CDTFK.xml
AANBD182TEC1,-18.0,57.0,-19.3019,57.9062,3353.115,3382.959961,1.5862351811758546,-29.84496100000024,2026-03-26T10.03.50.2581867-LCTW01516-8374-DMT115-TTG624-DMTDUMMY.xml,2026-03-25T13.38.44.1119450-LCTW01516-8374-TFK659-TTG624-MFGM484CDTFK.xml
AANBD182TEC1,72.0,-3.0,71.2039,-3.6622,3349.966,3379.899902,1.035511491969062,-29.933902000000217,2026-03-26T10.03.50.2581867-LCTW01516-8374-DMT115-TTG624-DMTDUMMY.xml,2026-03-25T13.38.44.1119450-LCTW01516-8374-TFK659-TTG624-MFGM484CDTFK.xml
AANBD182TEC1,57.0,57.0,57.9062,57.9062,3348.515,3380.199951,1.2815603302224963,-31.684951000000183,2026-03-26T10.03.50.2581867-LCTW01516-8374-DMT115-TTG624-DMTDUMMY.xml,2026-03-25T13.38.44.1119450-LCTW01516-8374-TFK659-TTG624-MFGM484CDTFK.xml
AANBD182TEC1,-72.0,63.0,-71.1902,61.8829,3348.265,3379.860107,1.37974216794298,-31.595107000000098,2026-03-26T10.03.50.2581867-LCTW01516-8374-DMT115-TTG624-DMTDUMMY.xml,2026-03-25T13.38.44.1119450-LCTW01516-8374-TFK659-TTG624-MFGM484CDTFK.xml
AANBD182TEC1,18.0,-96.0,19.3019,-96.51,3351.301,3380.580078,1.398228740228152,-29.279078000000027,2026-03-26T10.03.50.2581867-LCTW01516-8374-DMT115-TTG624-DMTDUMMY.xml,2026-03-25T13.38.44.1119450-LCTW01516-8374-TFK659-TTG624-MFGM484CDTFK.xml
AANBD182TEC1,18.0,96.0,19.3019,96.51,3347.985,3378.139893,1.398228740228152,-30.154892999999902,2026-03-26T10.03.50.2581867-LCTW01516-8374-DMT115-TTG624-DMTDUMMY.xml,2026-03-25T13.38.44.1119450-LCTW01516-8374-TFK659-TTG624-MFGM484CDTFK.xml
AANBD182TEC1,96.0,18.0,96.51,19.3019,3346.916,3378.399902,1.398228740228152,-31.483901999999944,2026-03-26T10.03.50.2581867-LCTW01516-8374-DMT115-TTG624-DMTDUMMY.xml,2026-03-25T13.38.44.1119450-LCTW01516-8374-TFK659-TTG624-MFGM484CDTFK.xml
AANBD182TEC1,72.0,-69.0,71.2039,-69.2075,3350.829,3381.26001,0.8226976722952309,-30.431009999999787,2026-03-26T10.03.50.2581867-LCTW01516-8374-DMT115-TTG624-DMTDUMMY.xml,2026-03-25T13.38.44.1119450-LCTW01516-8374-TFK659-TTG624-MFGM484CDTFK.xml
AANBD182TEC1,-96.0,-57.0,-96.51,-57.9062,3346.847,3377.550049,1.0398550091238692,-30.703048999999737,2026-03-26T10.03.50.2581867-LCTW01516-8374-DMT115-TTG624-DMTDUMMY.xml,2026-03-25T13.38.44.1119450-LCTW01516-8374-TFK659-TTG624-MFGM484CDTFK.xml
AANBD182TEC1,-57.0,-96.0,-57.9062,-96.51,3350.247,3377.889893,1.0398550091238692,-27.642893000000186,2026-03-26T10.03.50.2581867-LCTW01516-8374-DMT115-TTG624-DMTDUMMY.xml,2026-03-25T13.38.44.1119450-LCTW01516-8374-TFK659-TTG624-MFGM484CDTFK.xml
AANBD182TEC1,-57.0,96.0,-57.9062,96.51,3346.248,3377.389893,1.0398550091238692,-31.141892999999982,2026-03-26T10.03.50.2581867-LCTW01516-8374-DMT115-TTG624-DMTDUMMY.xml,2026-03-25T13.38.44.1119450-LCTW01516-8374-TFK659-TTG624-MFGM484CDTFK.xml
AANBD182TEC1,96.0,63.0,94.9361,61.8829,3345.807,3375.5,1.5426586206935122,-29.69300000000021,2026-03-26T10.03.50.2581867-LCTW01516-8374-DMT115-TTG624-DMTDUMMY.xml,2026-03-25T13.38.44.1119450-LCTW01516-8374-TFK659-TTG624-MFGM484CDTFK.xml
AANBD182TEC1,-120.0,-3.0,-118.655,-3.6622,3344.528,3375.110107,1.4991777212859043,-30.58210700000018,2026-03-26T10.03.50.2581867-LCTW01516-8374-DMT115-TTG624-DMTDUMMY.xml,2026-03-25T13.38.44.1119450-LCTW01516-8374-TFK659-TTG624-MFGM484CDTFK.xml
AANBD182TEC1,0.0,126.0,0.0067,127.428,3341.343,3372.060059,1.4280157177006112,-30.717059000000063,2026-03-26T10.03.50.2581867-LCTW01516-8374-DMT115-TTG624-DMTDUMMY.xml,2026-03-25T13.38.44.1119450-LCTW01516-8374-TFK659-TTG624-MFGM484CDTFK.xml
AANBD182TEC1,0.0,-135.0,0.0067,-134.7529999,3341.226,3372.350098,0.24709095369926845,-31.124097999999776,2026-03-26T10.03.50.2581867-LCTW01516-8374-DMT115-TTG624-DMTDUMMY.xml,2026-03-25T13.38.44.1119450-LCTW01516-8374-TFK659-TTG624-MFGM484CDTFK.xml
AANBD182TEC1,-96.0,96.0,-96.51,96.51,3339.61,3365.949951,0.7212489168102857,-26.339950999999928,2026-03-26T10.03.50.2581867-LCTW01516-8374-DMT115-TTG624-DMTDUMMY.xml,2026-03-25T13.38.44.1119450-LCTW01516-8374-TFK659-TTG624-MFGM484CDTFK.xml
AANBD182TEC1,96.0,-96.0,96.51,-96.51,3342.064,3369.570068,0.7212489168102857,-27.50606800000014,2026-03-26T10.03.50.2581867-LCTW01516-8374-DMT115-TTG624-DMTDUMMY.xml,2026-03-25T13.38.44.1119450-LCTW01516-8374-TFK659-TTG624-MFGM484CDTFK.xml
AANBD182TEC1,135.0,18.0,136.2,19.3019,3339.648,3370.219971,1.7705771968485227,-30.57197099999985,2026-03-26T10.03.50.2581867-LCTW01516-8374-DMT115-TTG624-DMTDUMMY.xml,2026-03-25T13.38.44.1119450-LCTW01516-8374-TFK659-TTG624-MFGM484CDTFK.xml
AANBD182TEC1,72.0,126.0,71.2039,127.428,3335.618,3368.179932,1.6349187166339447,-32.56193200000007,2026-03-26T10.03.50.2581867-LCTW01516-8374-DMT115-TTG624-DMTDUMMY.xml,2026-03-25T13.38.44.1119450-LCTW01516-8374-TFK659-TTG624-MFGM484CDTFK.xml
AANBD182TEC1,141.0,-36.0,142.401,-36.4348,3340.974,3377.0,1.466919234313884,-36.02599999999984,2026-03-26T10.03.50.2581867-LCTW01516-8374-DMT115-TTG624-DMTDUMMY.xml,2026-03-25T13.38.44.1119450-LCTW01516-8374-TFK659-TTG624-MFGM484CDTFK.xml
AANBD182TEC1,-135.0,-57.0,-136.2,-57.9062,3340.26,3393.939941,1.503728180224062,-53.67994099999987,2026-03-26T10.03.50.2581867-LCTW01516-8374-DMT115-TTG624-DMTDUMMY.xml,2026-03-25T13.38.44.1119450-LCTW01516-8374-TFK659-TTG624-MFGM484CDTFK.xml
AANBD182TEC1,-135.0,57.0,-136.2,57.9062,3338.229,3396.649902,1.503728180224062,-58.4209020000003,2026-03-26T10.03.50.2581867-LCTW01516-8374-DMT115-TTG624-DMTDUMMY.xml,2026-03-25T13.38.44.1119450-LCTW01516-8374-TFK659-TTG624-MFGM484CDTFK.xml
AANBD182TEC1,-57.0,-135.0,-57.9062,-136.2,3343.409,3391.929932,1.503728180224062,-48.5209319999999,2026-03-26T10.03.50.2581867-LCTW01516-8374-DMT115-TTG624-DMTDUMMY.xml,2026-03-25T13.38.44.1119450-LCTW01516-8374-TFK659-TTG624-MFGM484CDTFK.xml
AANBD182TEC1,-57.0,135.0,-57.9062,136.2,3338.446,3395.790039,1.503728180224062,-57.344039000000066,2026-03-26T10.03.50.2581867-LCTW01516-8374-DMT115-TTG624-DMTDUMMY.xml,2026-03-25T13.38.44.1119450-LCTW01516-8374-TFK659-TTG624-MFGM484CDTFK.xml
AANBD182TEC1,57.0,-135.0,57.9062,-136.2,3344.179,3392.820068,1.503728180224062,-48.641067999999905,2026-03-26T10.03.50.2581867-LCTW01516-8374-DMT115-TTG624-DMTDUMMY.xml,2026-03-25T13.38.44.1119450-LCTW01516-8374-TFK659-TTG624-MFGM484CDTFK.xml
AANBD160TEG6,0.0,0.0,0.0067,-3.6622,3347.977,3376.959961,3.6622061288245367,-28.98296100000016,2026-03-26T10.03.50.2581867-LCTW01516-8374-DMT115-TTG624-DMTDUMMY.xml,2026-03-25T13.38.44.1119450-LCTW01516-8374-TFK659-TTG624-MFGM484CDTFK.xml
AANBD160TEG6,18.0,18.0,19.3019,19.3019,3344.136,3375.23999,1.8411646368535322,-31.103990000000067,2026-03-26T10.03.50.2581867-LCTW01516-8374-DMT115-TTG624-DMTDUMMY.xml,2026-03-25T13.38.44.1119450-LCTW01516-8374-TFK659-TTG624-MFGM484CDTFK.xml
AANBD160TEG6,18.0,-21.0,19.3019,-19.3019,3345.346,3374.399902,2.1397399888771536,-29.053902000000107,2026-03-26T10.03.50.2581867-LCTW01516-8374-DMT115-TTG624-DMTDUMMY.xml,2026-03-25T13.38.44.1119450-LCTW01516-8374-TFK659-TTG624-MFGM484CDTFK.xml
AANBD160TEG6,-48.0,-36.0,-47.4578,-36.4348,3342.651,3369.639893,0.6950049496226653,-26.98889300000019,2026-03-26T10.03.50.2581867-LCTW01516-8374-DMT115-TTG624-DMTDUMMY.xml,2026-03-25T13.38.44.1119450-LCTW01516-8374-TFK659-TTG624-MFGM484CDTFK.xml
AANBD160TEG6,-57.0,18.0,-57.9062,19.3019,3339.78,3370.52002,1.5862351811758546,-30.74001999999973,2026-03-26T10.03.50.2581867-LCTW01516-8374-DMT115-TTG624-DMTDUMMY.xml,2026-03-25T13.38.44.1119450-LCTW01516-8374-TFK659-TTG624-MFGM484CDTFK.xml
AANBD160TEG6,-18.0,-57.0,-19.3019,-57.9062,3339.255,3367.850098,1.5862351811758546,-28.59509799999978,2026-03-26T10.03.50.2581867-LCTW01516-8374-DMT115-TTG624-DMTDUMMY.xml,2026-03-25T13.38.44.1119450-LCTW01516-8374-TFK659-TTG624-MFGM484CDTFK.xml
AANBD160TEG6,-18.0,57.0,-19.3019,57.9062,3341.186,3371.040039,1.5862351811758546,-29.85403899999983,2026-03-26T10.03.50.2581867-LCTW01516-8374-DMT115-TTG624-DMTDUMMY.xml,2026-03-25T13.38.44.1119450-LCTW01516-8374-TFK659-TTG624-MFGM484CDTFK.xml
AANBD160TEG6,72.0,-3.0,71.2039,-3.6622,3339.267,3365.429932,1.035511491969062,-26.162932000000183,2026-03-26T10.03.50.2581867-LCTW01516-8374-DMT115-TTG624-DMTDUMMY.xml,2026-03-25T13.38.44.1119450-LCTW01516-8374-TFK659-TTG624-MFGM484CDTFK.xml
AANBD160TEG6,57.0,57.0,57.9062,57.9062,3338.42,3368.060059,1.2815603302224963,-29.640058999999837,2026-03-26T10.03.50.2581867-LCTW01516-8374-DMT115-TTG624-DMTDUMMY.xml,2026-03-25T13.38.44.1119450-LCTW01516-8374-TFK659-TTG624-MFGM484CDTFK.xml
AANBD160TEG6,-72.0,63.0,-71.1902,61.8829,3338.06,3365.360107,1.37974216794298,-27.300107000000025,2026-03-26T10.03.50.2581867-LCTW01516-8374-DMT115-TTG624-DMTDUMMY.xml,2026-03-25T13.38.44.1119450-LCTW01516-8374-TFK659-TTG624-MFGM484CDTFK.xml
AANBD160TEG6,18.0,-96.0,19.3019,-96.51,3334.769,3363.669922,1.398228740228152,-28.900922000000264,2026-03-26T10.03.50.2581867-LCTW01516-8374-DMT115-TTG624-DMTDUMMY.xml,2026-03-25T13.38.44.1119450-LCTW01516-8374-TFK659-TTG624-MFGM484CDTFK.xml
AANBD160TEG6,18.0,96.0,19.3019,96.51,3338.259,3366.610107,1.398228740228152,-28.351106999999956,2026-03-26T10.03.50.2581867-LCTW01516-8374-DMT115-TTG624-DMTDUMMY.xml,2026-03-25T13.38.44.1119450-LCTW01516-8374-TFK659-TTG624-MFGM484CDTFK.xml
AANBD160TEG6,96.0,18.0,96.51,19.3019,3336.236,3365.090088,1.398228740228152,-28.854088000000047,2026-03-26T10.03.50.2581867-LCTW01516-8374-DMT115-TTG624-DMTDUMMY.xml,2026-03-25T13.38.44.1119450-LCTW01516-8374-TFK659-TTG624-MFGM484CDTFK.xml
AANBD160TEG6,72.0,-69.0,71.2039,-69.2075,3334.274,3361.5,0.8226976722952309,-27.226000000000113,2026-03-26T10.03.50.2581867-LCTW01516-8374-DMT115-TTG624-DMTDUMMY.xml,2026-03-25T13.38.44.1119450-LCTW01516-8374-TFK659-TTG624-MFGM484CDTFK.xml
AANBD160TEG6,-96.0,-57.0,-96.51,-57.9062,3333.625,3363.02002,1.0398550091238692,-29.39501999999993,2026-03-26T10.03.50.2581867-LCTW01516-8374-DMT115-TTG624-DMTDUMMY.xml,2026-03-25T13.38.44.1119450-LCTW01516-8374-TFK659-TTG624-MFGM484CDTFK.xml
AANBD160TEG6,-57.0,-96.0,-57.9062,-96.51,3332.96,3361.310059,1.0398550091238692,-28.350058999999874,2026-03-26T10.03.50.2581867-LCTW01516-8374-DMT115-TTG624-DMTDUMMY.xml,2026-03-25T13.38.44.1119450-LCTW01516-8374-TFK659-TTG624-MFGM484CDTFK.xml
AANBD160TEG6,-57.0,96.0,-57.9062,96.51,3334.162,3363.540039,1.0398550091238692,-29.37803900000017,2026-03-26T10.03.50.2581867-LCTW01516-8374-DMT115-TTG624-DMTDUMMY.xml,2026-03-25T13.38.44.1119450-LCTW01516-8374-TFK659-TTG624-MFGM484CDTFK.xml
AANBD160TEG6,96.0,63.0,94.9361,61.8829,3334.098,3362.929932,1.5426586206935122,-28.83193200000005,2026-03-26T10.03.50.2581867-LCTW01516-8374-DMT115-TTG624-DMTDUMMY.xml,2026-03-25T13.38.44.1119450-LCTW01516-8374-TFK659-TTG624-MFGM484CDTFK.xml
AANBD160TEG6,-120.0,-3.0,-118.655,-3.6622,3330.758,3361.360107,1.4991777212859043,-30.60210700000016,2026-03-26T10.03.50.2581867-LCTW01516-8374-DMT115-TTG624-DMTDUMMY.xml,2026-03-25T13.38.44.1119450-LCTW01516-8374-TFK659-TTG624-MFGM484CDTFK.xml
AANBD160TEG6,0.0,126.0,0.0067,127.428,3332.701,3361.540039,1.4280157177006112,-28.839038999999957,2026-03-26T10.03.50.2581867-LCTW01516-8374-DMT115-TTG624-DMTDUMMY.xml,2026-03-25T13.38.44.1119450-LCTW01516-8374-TFK659-TTG624-MFGM484CDTFK.xml
AANBD160TEG6,0.0,-135.0,0.0067,-134.7529999,3325.742,3356.639893,0.24709095369926845,-30.89789299999984,2026-03-26T10.03.50.2581867-LCTW01516-8374-DMT115-TTG624-DMTDUMMY.xml,2026-03-25T13.38.44.1119450-LCTW01516-8374-TFK659-TTG624-MFGM484CDTFK.xml
AANBD160TEG6,-96.0,96.0,-96.51,96.51,3328.109,3356.800049,0.7212489168102857,-28.69104900000002,2026-03-26T10.03.50.2581867-LCTW01516-8374-DMT115-TTG624-DMTDUMMY.xml,2026-03-25T13.38.44.1119450-LCTW01516-8374-TFK659-TTG624-MFGM484CDTFK.xml
AANBD160TEG6,96.0,-96.0,96.51,-96.51,3325.734,3353.840088,0.7212489168102857,-28.106088,2026-03-26T10.03.50.2581867-LCTW01516-8374-DMT115-TTG624-DMTDUMMY.xml,2026-03-25T13.38.44.1119450-LCTW01516-8374-TFK659-TTG624-MFGM484CDTFK.xml
AANBD160TEG6,135.0,18.0,136.2,19.3019,3325.523,3356.610107,1.7705771968485227,-31.087106999999833,2026-03-26T10.03.50.2581867-LCTW01516-8374-DMT115-TTG624-DMTDUMMY.xml,2026-03-25T13.38.44.1119450-LCTW01516-8374-TFK659-TTG624-MFGM484CDTFK.xml
AANBD160TEG6,72.0,126.0,71.2039,127.428,3324.679,3355.48999,1.6349187166339447,-30.810989999999947,2026-03-26T10.03.50.2581867-LCTW01516-8374-DMT115-TTG624-DMTDUMMY.xml,2026-03-25T13.38.44.1119450-LCTW01516-8374-TFK659-TTG624-MFGM484CDTFK.xml
AANBD160TEG6,141.0,-36.0,142.401,-36.4348,3328.214,3363.320068,1.466919234313884,-35.10606800000005,2026-03-26T10.03.50.2581867-LCTW01516-8374-DMT115-TTG624-DMTDUMMY.xml,2026-03-25T13.38.44.1119450-LCTW01516-8374-TFK659-TTG624-MFGM484CDTFK.xml
AANBD160TEG6,-135.0,-57.0,-136.2,-57.9062,3323.637,3380.300049,1.503728180224062,-56.66304899999977,2026-03-26T10.03.50.2581867-LCTW01516-8374-DMT115-TTG624-DMTDUMMY.xml,2026-03-25T13.38.44.1119450-LCTW01516-8374-TFK659-TTG624-MFGM484CDTFK.xml
AANBD160TEG6,-135.0,57.0,-136.2,57.9062,3327.326,3384.379883,1.503728180224062,-57.05388300000004,2026-03-26T10.03.50.2581867-LCTW01516-8374-DMT115-TTG624-DMTDUMMY.xml,2026-03-25T13.38.44.1119450-LCTW01516-8374-TFK659-TTG624-MFGM484CDTFK.xml
AANBD160TEG6,-57.0,-135.0,-57.9062,-136.2,3329.739,3378.879883,1.503728180224062,-49.14088300000003,2026-03-26T10.03.50.2581867-LCTW01516-8374-DMT115-TTG624-DMTDUMMY.xml,2026-03-25T13.38.44.1119450-LCTW01516-8374-TFK659-TTG624-MFGM484CDTFK.xml
AANBD160TEG6,-57.0,135.0,-57.9062,136.2,3329.083,3381.620117,1.503728180224062,-52.53711699999985,2026-03-26T10.03.50.2581867-LCTW01516-8374-DMT115-TTG624-DMTDUMMY.xml,2026-03-25T13.38.44.1119450-LCTW01516-8374-TFK659-TTG624-MFGM484CDTFK.xml
AANBD160TEG6,57.0,-135.0,57.9062,-136.2,3329.979,3378.189941,1.503728180224062,-48.210941000000275,2026-03-26T10.03.50.2581867-LCTW01516-8374-DMT115-TTG624-DMTDUMMY.xml,2026-03-25T13.38.44.1119450-LCTW01516-8374-TFK659-TTG624-MFGM484CDTFK.xml
AANBD204TED2,0.0,0.0,0.0067,-3.6622,3381.634,3395.350098,3.6622061288245367,-13.716097999999874,2026-03-26T10.49.34.0629148-LCTW01516-8374-DMT115-TTG622-DMTDUMMY.xml,2026-03-25T22.50.03.1868498-LCTW01516-8374-TFK657-TTG622-MFGM484CDTFK.xml
AANBD204TED2,18.0,18.0,19.3019,19.3019,3366.751,3389.01001,1.8411646368535322,-22.259009999999762,2026-03-26T10.49.34.0629148-LCTW01516-8374-DMT115-TTG622-DMTDUMMY.xml,2026-03-25T22.50.03.1868498-LCTW01516-8374-TFK657-TTG622-MFGM484CDTFK.xml
AANBD204TED2,18.0,-21.0,19.3019,-19.3019,3363.507,3385.159912,2.1397399888771536,-21.652912000000015,2026-03-26T10.49.34.0629148-LCTW01516-8374-DMT115-TTG622-DMTDUMMY.xml,2026-03-25T22.50.03.1868498-LCTW01516-8374-TFK657-TTG622-MFGM484CDTFK.xml
AANBD204TED2,-48.0,-36.0,-47.4578,-36.4348,3357.571,3378.080078,0.6950049496226653,-20.509078000000045,2026-03-26T10.49.34.0629148-LCTW01516-8374-DMT115-TTG622-DMTDUMMY.xml,2026-03-25T22.50.03.1868498-LCTW01516-8374-TFK657-TTG622-MFGM484CDTFK.xml
AANBD204TED2,-57.0,18.0,-57.9062,19.3019,3359.625,3381.01001,1.5862351811758546,-21.385009999999966,2026-03-26T10.49.34.0629148-LCTW01516-8374-DMT115-TTG622-DMTDUMMY.xml,2026-03-25T22.50.03.1868498-LCTW01516-8374-TFK657-TTG622-MFGM484CDTFK.xml
AANBD204TED2,-18.0,-57.0,-19.3019,-57.9062,3358.688,3379.040039,1.5862351811758546,-20.352038999999877,2026-03-26T10.49.34.0629148-LCTW01516-8374-DMT115-TTG622-DMTDUMMY.xml,2026-03-25T22.50.03.1868498-LCTW01516-8374-TFK657-TTG622-MFGM484CDTFK.xml
AANBD204TED2,-18.0,57.0,-19.3019,57.9062,3359.984,3381.280029,1.5862351811758546,-21.29602900000009,2026-03-26T10.49.34.0629148-LCTW01516-8374-DMT115-TTG622-DMTDUMMY.xml,2026-03-25T22.50.03.1868498-LCTW01516-8374-TFK657-TTG622-MFGM484CDTFK.xml
AANBD204TED2,72.0,-3.0,71.2039,-3.6622,3355.359,3376.649902,1.035511491969062,-21.290902000000187,2026-03-26T10.49.34.0629148-LCTW01516-8374-DMT115-TTG622-DMTDUMMY.xml,2026-03-25T22.50.03.1868498-LCTW01516-8374-TFK657-TTG622-MFGM484CDTFK.xml
AANBD204TED2,57.0,57.0,57.9062,57.9062,3355.701,3377.790039,1.2815603302224963,-22.089038999999957,2026-03-26T10.49.34.0629148-LCTW01516-8374-DMT115-TTG622-DMTDUMMY.xml,2026-03-25T22.50.03.1868498-LCTW01516-8374-TFK657-TTG622-MFGM484CDTFK.xml
AANBD204TED2,-72.0,63.0,-71.1902,61.8829,3355.561,3376.830078,1.37974216794298,-21.26907799999981,2026-03-26T10.49.34.0629148-LCTW01516-8374-DMT115-TTG622-DMTDUMMY.xml,2026-03-25T22.50.03.1868498-LCTW01516-8374-TFK657-TTG622-MFGM484CDTFK.xml
AANBD204TED2,18.0,-96.0,19.3019,-96.51,3352.938,3374.629883,1.398228740228152,-21.69188299999996,2026-03-26T10.49.34.0629148-LCTW01516-8374-DMT115-TTG622-DMTDUMMY.xml,2026-03-25T22.50.03.1868498-LCTW01516-8374-TFK657-TTG622-MFGM484CDTFK.xml
AANBD204TED2,18.0,96.0,19.3019,96.51,3356.434,3377.810059,1.398228740228152,-21.376058999999714,2026-03-26T10.49.34.0629148-LCTW01516-8374-DMT115-TTG622-DMTDUMMY.xml,2026-03-25T22.50.03.1868498-LCTW01516-8374-TFK657-TTG622-MFGM484CDTFK.xml
AANBD204TED2,96.0,18.0,96.51,19.3019,3354.984,3376.47998,1.398228740228152,-21.495980000000145,2026-03-26T10.49.34.0629148-LCTW01516-8374-DMT115-TTG622-DMTDUMMY.xml,2026-03-25T22.50.03.1868498-LCTW01516-8374-TFK657-TTG622-MFGM484CDTFK.xml
AANBD204TED2,72.0,-69.0,71.2039,-69.2075,3354.933,3374.98999,0.8226976722952309,-20.05699000000004,2026-03-26T10.49.34.0629148-LCTW01516-8374-DMT115-TTG622-DMTDUMMY.xml,2026-03-25T22.50.03.1868498-LCTW01516-8374-TFK657-TTG622-MFGM484CDTFK.xml
AANBD204TED2,-96.0,-57.0,-96.51,-57.9062,3350.464,3373.75,1.0398550091238692,-23.286000000000058,2026-03-26T10.49.34.0629148-LCTW01516-8374-DMT115-TTG622-DMTDUMMY.xml,2026-03-25T22.50.03.1868498-LCTW01516-8374-TFK657-TTG622-MFGM484CDTFK.xml
AANBD204TED2,-57.0,-96.0,-57.9062,-96.51,3349.828,3373.530029,1.0398550091238692,-23.70202900000004,2026-03-26T10.49.34.0629148-LCTW01516-8374-DMT115-TTG622-DMTDUMMY.xml,2026-03-25T22.50.03.1868498-LCTW01516-8374-TFK657-TTG622-MFGM484CDTFK.xml
AANBD204TED2,-57.0,96.0,-57.9062,96.51,3353.608,3374.139893,1.0398550091238692,-20.531892999999855,2026-03-26T10.49.34.0629148-LCTW01516-8374-DMT115-TTG622-DMTDUMMY.xml,2026-03-25T22.50.03.1868498-LCTW01516-8374-TFK657-TTG622-MFGM484CDTFK.xml
AANBD204TED2,96.0,63.0,94.9361,61.8829,3353.061,3376.709961,1.5426586206935122,-23.648960999999872,2026-03-26T10.49.34.0629148-LCTW01516-8374-DMT115-TTG622-DMTDUMMY.xml,2026-03-25T22.50.03.1868498-LCTW01516-8374-TFK657-TTG622-MFGM484CDTFK.xml
AANBD204TED2,-120.0,-3.0,-118.655,-3.6622,3352.49,3372.600098,1.4991777212859043,-20.110098000000107,2026-03-26T10.49.34.0629148-LCTW01516-8374-DMT115-TTG622-DMTDUMMY.xml,2026-03-25T22.50.03.1868498-LCTW01516-8374-TFK657-TTG622-MFGM484CDTFK.xml
AANBD204TED2,0.0,126.0,0.0067,127.428,3353.4,3372.800049,1.4280157177006112,-19.400048999999854,2026-03-26T10.49.34.0629148-LCTW01516-8374-DMT115-TTG622-DMTDUMMY.xml,2026-03-25T22.50.03.1868498-LCTW01516-8374-TFK657-TTG622-MFGM484CDTFK.xml
AANBD204TED2,0.0,-135.0,0.0067,-134.7529999,3344.307,3368.120117,0.24709095369926845,-23.813117000000148,2026-03-26T10.49.34.0629148-LCTW01516-8374-DMT115-TTG622-DMTDUMMY.xml,2026-03-25T22.50.03.1868498-LCTW01516-8374-TFK657-TTG622-MFGM484CDTFK.xml
AANBD204TED2,-96.0,96.0,-96.51,96.51,3346.657,3369.72998,0.7212489168102857,-23.072979999999916,2026-03-26T10.49.34.0629148-LCTW01516-8374-DMT115-TTG622-DMTDUMMY.xml,2026-03-25T22.50.03.1868498-LCTW01516-8374-TFK657-TTG622-MFGM484CDTFK.xml
AANBD204TED2,96.0,-96.0,96.51,-96.51,3347.702,3368.159912,0.7212489168102857,-20.45791199999985,2026-03-26T10.49.34.0629148-LCTW01516-8374-DMT115-TTG622-DMTDUMMY.xml,2026-03-25T22.50.03.1868498-LCTW01516-8374-TFK657-TTG622-MFGM484CDTFK.xml
AANBD204TED2,135.0,18.0,136.2,19.3019,3347.224,3368.070068,1.7705771968485227,-20.846067999999832,2026-03-26T10.49.34.0629148-LCTW01516-8374-DMT115-TTG622-DMTDUMMY.xml,2026-03-25T22.50.03.1868498-LCTW01516-8374-TFK657-TTG622-MFGM484CDTFK.xml
AANBD204TED2,72.0,126.0,71.2039,127.428,3344.5,3369.330078,1.6349187166339447,-24.830077999999958,2026-03-26T10.49.34.0629148-LCTW01516-8374-DMT115-TTG622-DMTDUMMY.xml,2026-03-25T22.50.03.1868498-LCTW01516-8374-TFK657-TTG622-MFGM484CDTFK.xml
AANBD204TED2,141.0,-36.0,142.401,-36.4348,3344.508,3369.25,1.466919234313884,-24.74200000000019,2026-03-26T10.49.34.0629148-LCTW01516-8374-DMT115-TTG622-DMTDUMMY.xml,2026-03-25T22.50.03.1868498-LCTW01516-8374-TFK657-TTG622-MFGM484CDTFK.xml
AANBD204TED2,-135.0,-57.0,-136.2,-57.9062,3345.145,3384.969971,1.503728180224062,-39.824971000000005,2026-03-26T10.49.34.0629148-LCTW01516-8374-DMT115-TTG622-DMTDUMMY.xml,2026-03-25T22.50.03.1868498-LCTW01516-8374-TFK657-TTG622-MFGM484CDTFK.xml
AANBD204TED2,-135.0,57.0,-136.2,57.9062,3346.155,3386.929932,1.503728180224062,-40.77493199999981,2026-03-26T10.49.34.0629148-LCTW01516-8374-DMT115-TTG622-DMTDUMMY.xml,2026-03-25T22.50.03.1868498-LCTW01516-8374-TFK657-TTG622-MFGM484CDTFK.xml
AANBD204TED2,-57.0,-135.0,-57.9062,-136.2,3346.601,3385.540039,1.503728180224062,-38.939038999999866,2026-03-26T10.49.34.0629148-LCTW01516-8374-DMT115-TTG622-DMTDUMMY.xml,2026-03-25T22.50.03.1868498-LCTW01516-8374-TFK657-TTG622-MFGM484CDTFK.xml
AANBD204TED2,-57.0,135.0,-57.9062,136.2,3347.49,3386.840088,1.503728180224062,-39.35008800000014,2026-03-26T10.49.34.0629148-LCTW01516-8374-DMT115-TTG622-DMTDUMMY.xml,2026-03-25T22.50.03.1868498-LCTW01516-8374-TFK657-TTG622-MFGM484CDTFK.xml
AANBD204TED2,57.0,-135.0,57.9062,-136.2,3343.497,3384.699951,1.503728180224062,-41.20295100000021,2026-03-26T10.49.34.0629148-LCTW01516-8374-DMT115-TTG622-DMTDUMMY.xml,2026-03-25T22.50.03.1868498-LCTW01516-8374-TFK657-TTG622-MFGM484CDTFK.xml
AANBD202TEC1,0.0,0.0,0.0067,-3.6622,3349.915,3380.530029,3.6622061288245367,-30.61502900000005,2026-03-26T10.03.50.2581867-LCTW01516-8374-DMT115-TTG624-DMTDUMMY.xml,2026-03-25T13.38.44.1119450-LCTW01516-8374-TFK659-TTG624-MFGM484CDTFK.xml
AANBD202TEC1,18.0,18.0,19.3019,19.3019,3351.7,3383.320068,1.8411646368535322,-31.620068000000174,2026-03-26T10.03.50.2581867-LCTW01516-8374-DMT115-TTG624-DMTDUMMY.xml,2026-03-25T13.38.44.1119450-LCTW01516-8374-TFK659-TTG624-MFGM484CDTFK.xml
AANBD202TEC1,18.0,-21.0,19.3019,-19.3019,3353.03,3383.939941,2.1397399888771536,-30.90994099999989,2026-03-26T10.03.50.2581867-LCTW01516-8374-DMT115-TTG624-DMTDUMMY.xml,2026-03-25T13.38.44.1119450-LCTW01516-8374-TFK659-TTG624-MFGM484CDTFK.xml
AANBD202TEC1,-48.0,-36.0,-47.4578,-36.4348,3349.068,3381.73999,0.6950049496226653,-32.67198999999982,2026-03-26T10.03.50.2581867-LCTW01516-8374-DMT115-TTG624-DMTDUMMY.xml,2026-03-25T13.38.44.1119450-LCTW01516-8374-TFK659-TTG624-MFGM484CDTFK.xml
AANBD202TEC1,-57.0,18.0,-57.9062,19.3019,3350.829,3381.219971,1.5862351811758546,-30.39097099999981,2026-03-26T10.03.50.2581867-LCTW01516-8374-DMT115-TTG624-DMTDUMMY.xml,2026-03-25T13.38.44.1119450-LCTW01516-8374-TFK659-TTG624-MFGM484CDTFK.xml
AANBD202TEC1,-18.0,-57.0,-19.3019,-57.9062,3353.156,3382.290039,1.5862351811758546,-29.13403900000003,2026-03-26T10.03.50.2581867-LCTW01516-8374-DMT115-TTG624-DMTDUMMY.xml,2026-03-25T13.38.44.1119450-LCTW01516-8374-TFK659-TTG624-MFGM484CDTFK.xml
AANBD202TEC1,-18.0,57.0,-19.3019,57.9062,3351.739,3380.459961,1.5862351811758546,-28.72096099999999,2026-03-26T10.03.50.2581867-LCTW01516-8374-DMT115-TTG624-DMTDUMMY.xml,2026-03-25T13.38.44.1119450-LCTW01516-8374-TFK659-TTG624-MFGM484CDTFK.xml
AANBD202TEC1,72.0,-3.0,71.2039,-3.6622,3349.406,3379.280029,1.035511491969062,-29.874029000000064,2026-03-26T10.03.50.2581867-LCTW01516-8374-DMT115-TTG624-DMTDUMMY.xml,2026-03-25T13.38.44.1119450-LCTW01516-8374-TFK659-TTG624-MFGM484CDTFK.xml
AANBD202TEC1,57.0,57.0,57.9062,57.9062,3346.045,3375.800049,1.2815603302224963,-29.75504899999987,2026-03-26T10.03.50.2581867-LCTW01516-8374-DMT115-TTG624-DMTDUMMY.xml,2026-03-25T13.38.44.1119450-LCTW01516-8374-TFK659-TTG624-MFGM484CDTFK.xml
AANBD202TEC1,-72.0,63.0,-71.1902,61.8829,3343.842,3373.149902,1.37974216794298,-29.307902000000013,2026-03-26T10.03.50.2581867-LCTW01516-8374-DMT115-TTG624-DMTDUMMY.xml,2026-03-25T13.38.44.1119450-LCTW01516-8374-TFK659-TTG624-MFGM484CDTFK.xml
AANBD202TEC1,18.0,-96.0,19.3019,-96.51,3345.398,3377.149902,1.398228740228152,-31.751901999999973,2026-03-26T10.03.50.2581867-LCTW01516-8374-DMT115-TTG624-DMTDUMMY.xml,2026-03-25T13.38.44.1119450-LCTW01516-8374-TFK659-TTG624-MFGM484CDTFK.xml
AANBD202TEC1,18.0,96.0,19.3019,96.51,3345.812,3374.780029,1.398228740228152,-28.968029000000115,2026-03-26T10.03.50.2581867-LCTW01516-8374-DMT115-TTG624-DMTDUMMY.xml,2026-03-25T13.38.44.1119450-LCTW01516-8374-TFK659-TTG624-MFGM484CDTFK.xml
AANBD202TEC1,96.0,18.0,96.51,19.3019,3349.269,3377.51001,1.398228740228152,-28.241010000000188,2026-03-26T10.03.50.2581867-LCTW01516-8374-DMT115-TTG624-DMTDUMMY.xml,2026-03-25T13.38.44.1119450-LCTW01516-8374-TFK659-TTG624-MFGM484CDTFK.xml
AANBD202TEC1,72.0,-69.0,71.2039,-69.2075,3349.994,3379.879883,0.8226976722952309,-29.88588299999992,2026-03-26T10.03.50.2581867-LCTW01516-8374-DMT115-TTG624-DMTDUMMY.xml,2026-03-25T13.38.44.1119450-LCTW01516-8374-TFK659-TTG624-MFGM484CDTFK.xml
AANBD202TEC1,-96.0,-57.0,-96.51,-57.9062,3342.79,3372.449951,1.0398550091238692,-29.659951000000092,2026-03-26T10.03.50.2581867-LCTW01516-8374-DMT115-TTG624-DMTDUMMY.xml,2026-03-25T13.38.44.1119450-LCTW01516-8374-TFK659-TTG624-MFGM484CDTFK.xml
AANBD202TEC1,-57.0,-96.0,-57.9062,-96.51,3343.878,3373.629883,1.0398550091238692,-29.751882999999907,2026-03-26T10.03.50.2581867-LCTW01516-8374-DMT115-TTG624-DMTDUMMY.xml,2026-03-25T13.38.44.1119450-LCTW01516-8374-TFK659-TTG624-MFGM484CDTFK.xml
AANBD202TEC1,-57.0,96.0,-57.9062,96.51,3343.74,3373.379883,1.0398550091238692,-29.63988300000028,2026-03-26T10.03.50.2581867-LCTW01516-8374-DMT115-TTG624-DMTDUMMY.xml,2026-03-25T13.38.44.1119450-LCTW01516-8374-TFK659-TTG624-MFGM484CDTFK.xml
AANBD202TEC1,96.0,63.0,94.9361,61.8829,3346.544,3373.72998,1.5426586206935122,-27.1859800000002,2026-03-26T10.03.50.2581867-LCTW01516-8374-DMT115-TTG624-DMTDUMMY.xml,2026-03-25T13.38.44.1119450-LCTW01516-8374-TFK659-TTG624-MFGM484CDTFK.xml
AANBD202TEC1,-120.0,-3.0,-118.655,-3.6622,3339.565,3371.580078,1.4991777212859043,-32.0150779999999,2026-03-26T10.03.50.2581867-LCTW01516-8374-DMT115-TTG624-DMTDUMMY.xml,2026-03-25T13.38.44.1119450-LCTW01516-8374-TFK659-TTG624-MFGM484CDTFK.xml
AANBD202TEC1,0.0,126.0,0.0067,127.428,3338.336,3368.719971,1.4280157177006112,-30.3839710000002,2026-03-26T10.03.50.2581867-LCTW01516-8374-DMT115-TTG624-DMTDUMMY.xml,2026-03-25T13.38.44.1119450-LCTW01516-8374-TFK659-TTG624-MFGM484CDTFK.xml
AANBD202TEC1,0.0,-135.0,0.0067,-134.7529999,3338.758,3366.77002,0.24709095369926845,-28.01202000000012,2026-03-26T10.03.50.2581867-LCTW01516-8374-DMT115-TTG624-DMTDUMMY.xml,2026-03-25T13.38.44.1119450-LCTW01516-8374-TFK659-TTG624-MFGM484CDTFK.xml
AANBD202TEC1,-96.0,96.0,-96.51,96.51,3336.263,3364.070068,0.7212489168102857,-27.807068000000072,2026-03-26T10.03.50.2581867-LCTW01516-8374-DMT115-TTG624-DMTDUMMY.xml,2026-03-25T13.38.44.1119450-LCTW01516-8374-TFK659-TTG624-MFGM484CDTFK.xml
AANBD202TEC1,96.0,-96.0,96.51,-96.51,3340.419,3369.120117,0.7212489168102857,-28.701117000000067,2026-03-26T10.03.50.2581867-LCTW01516-8374-DMT115-TTG624-DMTDUMMY.xml,2026-03-25T13.38.44.1119450-LCTW01516-8374-TFK659-TTG624-MFGM484CDTFK.xml
AANBD202TEC1,135.0,18.0,136.2,19.3019,3340.59,3368.439941,1.7705771968485227,-27.849940999999944,2026-03-26T10.03.50.2581867-LCTW01516-8374-DMT115-TTG624-DMTDUMMY.xml,2026-03-25T13.38.44.1119450-LCTW01516-8374-TFK659-TTG624-MFGM484CDTFK.xml
AANBD202TEC1,72.0,126.0,71.2039,127.428,3334.185,3367.110107,1.6349187166339447,-32.925107000000025,2026-03-26T10.03.50.2581867-LCTW01516-8374-DMT115-TTG624-DMTDUMMY.xml,2026-03-25T13.38.44.1119450-LCTW01516-8374-TFK659-TTG624-MFGM484CDTFK.xml
AANBD202TEC1,141.0,-36.0,142.401,-36.4348,3338.716,3375.040039,1.466919234313884,-36.324039000000084,2026-03-26T10.03.50.2581867-LCTW01516-8374-DMT115-TTG624-DMTDUMMY.xml,2026-03-25T13.38.44.1119450-LCTW01516-8374-TFK659-TTG624-MFGM484CDTFK.xml
AANBD202TEC1,-135.0,-57.0,-136.2,-57.9062,3337.544,3390.590088,1.503728180224062,-53.046088000000054,2026-03-26T10.03.50.2581867-LCTW01516-8374-DMT115-TTG624-DMTDUMMY.xml,2026-03-25T13.38.44.1119450-LCTW01516-8374-TFK659-TTG624-MFGM484CDTFK.xml
AANBD202TEC1,-135.0,57.0,-136.2,57.9062,3339.929,3394.77002,1.503728180224062,-54.841019999999844,2026-03-26T10.03.50.2581867-LCTW01516-8374-DMT115-TTG624-DMTDUMMY.xml,2026-03-25T13.38.44.1119450-LCTW01516-8374-TFK659-TTG624-MFGM484CDTFK.xml
AANBD202TEC1,-57.0,-135.0,-57.9062,-136.2,3337.418,3392.139893,1.503728180224062,-54.72189299999991,2026-03-26T10.03.50.2581867-LCTW01516-8374-DMT115-TTG624-DMTDUMMY.xml,2026-03-25T13.38.44.1119450-LCTW01516-8374-TFK659-TTG624-MFGM484CDTFK.xml
AANBD202TEC1,-57.0,135.0,-57.9062,136.2,3336.966,3394.219971,1.503728180224062,-57.25397100000009,2026-03-26T10.03.50.2581867-LCTW01516-8374-DMT115-TTG624-DMTDUMMY.xml,2026-03-25T13.38.44.1119450-LCTW01516-8374-TFK659-TTG624-MFGM484CDTFK.xml
AANBD202TEC1,57.0,-135.0,57.9062,-136.2,3343.196,3391.610107,1.503728180224062,-48.41410700000006,2026-03-26T10.03.50.2581867-LCTW01516-8374-DMT115-TTG624-DMTDUMMY.xml,2026-03-25T13.38.44.1119450-LCTW01516-8374-TFK659-TTG624-MFGM484CDTFK.xml
AANBD252TEC4,0.0,0.0,0.0067,-3.6622,3380.13,3397.179932,3.6622061288245367,-17.0499319999999,2026-03-26T10.49.34.0629148-LCTW01516-8374-DMT115-TTG622-DMTDUMMY.xml,2026-03-25T22.50.03.1868498-LCTW01516-8374-TFK657-TTG622-MFGM484CDTFK.xml
AANBD252TEC4,18.0,18.0,19.3019,19.3019,3364.399,3385.669922,1.8411646368535322,-21.270922000000155,2026-03-26T10.49.34.0629148-LCTW01516-8374-DMT115-TTG622-DMTDUMMY.xml,2026-03-25T22.50.03.1868498-LCTW01516-8374-TFK657-TTG622-MFGM484CDTFK.xml
AANBD252TEC4,18.0,-21.0,19.3019,-19.3019,3364.004,3385.169922,2.1397399888771536,-21.165922000000137,2026-03-26T10.49.34.0629148-LCTW01516-8374-DMT115-TTG622-DMTDUMMY.xml,2026-03-25T22.50.03.1868498-LCTW01516-8374-TFK657-TTG622-MFGM484CDTFK.xml
AANBD252TEC4,-48.0,-36.0,-47.4578,-36.4348,3358.225,3380.439941,0.6950049496226653,-22.21494100000018,2026-03-26T10.49.34.0629148-LCTW01516-8374-DMT115-TTG622-DMTDUMMY.xml,2026-03-25T22.50.03.1868498-LCTW01516-8374-TFK657-TTG622-MFGM484CDTFK.xml
AANBD252TEC4,-57.0,18.0,-57.9062,19.3019,3358.428,3380.409912,1.5862351811758546,-21.981912000000193,2026-03-26T10.49.34.0629148-LCTW01516-8374-DMT115-TTG622-DMTDUMMY.xml,2026-03-25T22.50.03.1868498-LCTW01516-8374-TFK657-TTG622-MFGM484CDTFK.xml
AANBD252TEC4,-18.0,-57.0,-19.3019,-57.9062,3358.709,3379.350098,1.5862351811758546,-20.641098000000056,2026-03-26T10.49.34.0629148-LCTW01516-8374-DMT115-TTG622-DMTDUMMY.xml,2026-03-25T22.50.03.1868498-LCTW01516-8374-TFK657-TTG622-MFGM484CDTFK.xml
AANBD252TEC4,-18.0,57.0,-19.3019,57.9062,3358.775,3381.719971,1.5862351811758546,-22.944970999999896,2026-03-26T10.49.34.0629148-LCTW01516-8374-DMT115-TTG622-DMTDUMMY.xml,2026-03-25T22.50.03.1868498-LCTW01516-8374-TFK657-TTG622-MFGM484CDTFK.xml
AANBD252TEC4,72.0,-3.0,71.2039,-3.6622,3356.663,3376.22998,1.035511491969062,-19.566980000000058,2026-03-26T10.49.34.0629148-LCTW01516-8374-DMT115-TTG622-DMTDUMMY.xml,2026-03-25T22.50.03.1868498-LCTW01516-8374-TFK657-TTG622-MFGM484CDTFK.xml
AANBD252TEC4,57.0,57.0,57.9062,57.9062,3356.06,3377.929932,1.2815603302224963,-21.869932000000063,2026-03-26T10.49.34.0629148-LCTW01516-8374-DMT115-TTG622-DMTDUMMY.xml,2026-03-25T22.50.03.1868498-LCTW01516-8374-TFK657-TTG622-MFGM484CDTFK.xml
AANBD252TEC4,-72.0,63.0,-71.1902,61.8829,3355.764,3376.080078,1.37974216794298,-20.316077999999834,2026-03-26T10.49.34.0629148-LCTW01516-8374-DMT115-TTG622-DMTDUMMY.xml,2026-03-25T22.50.03.1868498-LCTW01516-8374-TFK657-TTG622-MFGM484CDTFK.xml
AANBD252TEC4,18.0,-96.0,19.3019,-96.51,3350.776,3373.330078,1.398228740228152,-22.554078000000118,2026-03-26T10.49.34.0629148-LCTW01516-8374-DMT115-TTG622-DMTDUMMY.xml,2026-03-25T22.50.03.1868498-LCTW01516-8374-TFK657-TTG622-MFGM484CDTFK.xml
AANBD252TEC4,18.0,96.0,19.3019,96.51,3357.625,3380.120117,1.398228740228152,-22.495116999999937,2026-03-26T10.49.34.0629148-LCTW01516-8374-DMT115-TTG622-DMTDUMMY.xml,2026-03-25T22.50.03.1868498-LCTW01516-8374-TFK657-TTG622-MFGM484CDTFK.xml
AANBD252TEC4,96.0,18.0,96.51,19.3019,3355.158,3374.75,1.398228740228152,-19.5920000000001,2026-03-26T10.49.34.0629148-LCTW01516-8374-DMT115-TTG622-DMTDUMMY.xml,2026-03-25T22.50.03.1868498-LCTW01516-8374-TFK657-TTG622-MFGM484CDTFK.xml
AANBD252TEC4,72.0,-69.0,71.2039,-69.2075,3352.492,3374.110107,0.8226976722952309,-21.61810699999978,2026-03-26T10.49.34.0629148-LCTW01516-8374-DMT115-TTG622-DMTDUMMY.xml,2026-03-25T22.50.03.1868498-LCTW01516-8374-TFK657-TTG622-MFGM484CDTFK.xml
AANBD252TEC4,-96.0,-57.0,-96.51,-57.9062,3351.133,3372.469971,1.0398550091238692,-21.336971000000176,2026-03-26T10.49.34.0629148-LCTW01516-8374-DMT115-TTG622-DMTDUMMY.xml,2026-03-25T22.50.03.1868498-LCTW01516-8374-TFK657-TTG622-MFGM484CDTFK.xml
AANBD252TEC4,-57.0,-96.0,-57.9062,-96.51,3350.814,3370.98999,1.0398550091238692,-20.175990000000183,2026-03-26T10.49.34.0629148-LCTW01516-8374-DMT115-TTG622-DMTDUMMY.xml,2026-03-25T22.50.03.1868498-LCTW01516-8374-TFK657-TTG622-MFGM484CDTFK.xml
AANBD252TEC4,-57.0,96.0,-57.9062,96.51,3353.109,3375.189941,1.0398550091238692,-22.080941000000166,2026-03-26T10.49.34.0629148-LCTW01516-8374-DMT115-TTG622-DMTDUMMY.xml,2026-03-25T22.50.03.1868498-LCTW01516-8374-TFK657-TTG622-MFGM484CDTFK.xml
AANBD252TEC4,96.0,63.0,94.9361,61.8829,3352.814,3373.75,1.5426586206935122,-20.93600000000015,2026-03-26T10.49.34.0629148-LCTW01516-8374-DMT115-TTG622-DMTDUMMY.xml,2026-03-25T22.50.03.1868498-LCTW01516-8374-TFK657-TTG622-MFGM484CDTFK.xml
AANBD252TEC4,-120.0,-3.0,-118.655,-3.6622,3348.65,3371.75,1.4991777212859043,-23.09999999999991,2026-03-26T10.49.34.0629148-LCTW01516-8374-DMT115-TTG622-DMTDUMMY.xml,2026-03-25T22.50.03.1868498-LCTW01516-8374-TFK657-TTG622-MFGM484CDTFK.xml
AANBD252TEC4,0.0,126.0,0.0067,127.428,3349.431,3371.050049,1.4280157177006112,-21.619048999999904,2026-03-26T10.49.34.0629148-LCTW01516-8374-DMT115-TTG622-DMTDUMMY.xml,2026-03-25T22.50.03.1868498-LCTW01516-8374-TFK657-TTG622-MFGM484CDTFK.xml
AANBD252TEC4,0.0,-135.0,0.0067,-134.7529999,3344.452,3366.580078,0.24709095369926845,-22.128077999999732,2026-03-26T10.49.34.0629148-LCTW01516-8374-DMT115-TTG622-DMTDUMMY.xml,2026-03-25T22.50.03.1868498-LCTW01516-8374-TFK657-TTG622-MFGM484CDTFK.xml
AANBD252TEC4,-96.0,96.0,-96.51,96.51,3345.748,3368.300049,0.7212489168102857,-22.552048999999897,2026-03-26T10.49.34.0629148-LCTW01516-8374-DMT115-TTG622-DMTDUMMY.xml,2026-03-25T22.50.03.1868498-LCTW01516-8374-TFK657-TTG622-MFGM484CDTFK.xml
AANBD252TEC4,96.0,-96.0,96.51,-96.51,3344.354,3365.090088,0.7212489168102857,-20.73608800000011,2026-03-26T10.49.34.0629148-LCTW01516-8374-DMT115-TTG622-DMTDUMMY.xml,2026-03-25T22.50.03.1868498-LCTW01516-8374-TFK657-TTG622-MFGM484CDTFK.xml
AANBD252TEC4,135.0,18.0,136.2,19.3019,3344.437,3366.540039,1.7705771968485227,-22.10303900000008,2026-03-26T10.49.34.0629148-LCTW01516-8374-DMT115-TTG622-DMTDUMMY.xml,2026-03-25T22.50.03.1868498-LCTW01516-8374-TFK657-TTG622-MFGM484CDTFK.xml
AANBD252TEC4,72.0,126.0,71.2039,127.428,3342.863,3367.280029,1.6349187166339447,-24.417029000000184,2026-03-26T10.49.34.0629148-LCTW01516-8374-DMT115-TTG622-DMTDUMMY.xml,2026-03-25T22.50.03.1868498-LCTW01516-8374-TFK657-TTG622-MFGM484CDTFK.xml
AANBD252TEC4,141.0,-36.0,142.401,-36.4348,3340.743,3368.620117,1.466919234313884,-27.877117,2026-03-26T10.49.34.0629148-LCTW01516-8374-DMT115-TTG622-DMTDUMMY.xml,2026-03-25T22.50.03.1868498-LCTW01516-8374-TFK657-TTG622-MFGM484CDTFK.xml
AANBD252TEC4,-135.0,-57.0,-136.2,-57.9062,3344.9,3383.47998,1.503728180224062,-38.57997999999998,2026-03-26T10.49.34.0629148-LCTW01516-8374-DMT115-TTG622-DMTDUMMY.xml,2026-03-25T22.50.03.1868498-LCTW01516-8374-TFK657-TTG622-MFGM484CDTFK.xml
AANBD252TEC4,-135.0,57.0,-136.2,57.9062,3342.794,3384.320068,1.503728180224062,-41.52606800000012,2026-03-26T10.49.34.0629148-LCTW01516-8374-DMT115-TTG622-DMTDUMMY.xml,2026-03-25T22.50.03.1868498-LCTW01516-8374-TFK657-TTG622-MFGM484CDTFK.xml
AANBD252TEC4,-57.0,-135.0,-57.9062,-136.2,3341.388,3386.790039,1.503728180224062,-45.40203900000006,2026-03-26T10.49.34.0629148-LCTW01516-8374-DMT115-TTG622-DMTDUMMY.xml,2026-03-25T22.50.03.1868498-LCTW01516-8374-TFK657-TTG622-MFGM484CDTFK.xml
AANBD252TEC4,-57.0,135.0,-57.9062,136.2,3346.108,3386.570068,1.503728180224062,-40.46206799999982,2026-03-26T10.49.34.0629148-LCTW01516-8374-DMT115-TTG622-DMTDUMMY.xml,2026-03-25T22.50.03.1868498-LCTW01516-8374-TFK657-TTG622-MFGM484CDTFK.xml
AANBD252TEC4,57.0,-135.0,57.9062,-136.2,3344.793,3383.48999,1.503728180224062,-38.696989999999914,2026-03-26T10.49.34.0629148-LCTW01516-8374-DMT115-TTG622-DMTDUMMY.xml,2026-03-25T22.50.03.1868498-LCTW01516-8374-TFK657-TTG622-MFGM484CDTFK.xml
AANBD216TEB4,0.0,0.0,0.0067,-3.6622,3370.514,3391.389893,3.6622061288245367,-20.875892999999905,2026-03-26T10.49.34.0629148-LCTW01516-8374-DMT115-TTG622-DMTDUMMY.xml,2026-03-25T22.50.03.1868498-LCTW01516-8374-TFK657-TTG622-MFGM484CDTFK.xml
AANBD216TEB4,18.0,18.0,19.3019,19.3019,3370.341,3389.610107,1.8411646368535322,-19.269107000000076,2026-03-26T10.49.34.0629148-LCTW01516-8374-DMT115-TTG622-DMTDUMMY.xml,2026-03-25T22.50.03.1868498-LCTW01516-8374-TFK657-TTG622-MFGM484CDTFK.xml
AANBD216TEB4,18.0,-21.0,19.3019,-19.3019,3363.854,3385.389893,2.1397399888771536,-21.535893000000215,2026-03-26T10.49.34.0629148-LCTW01516-8374-DMT115-TTG622-DMTDUMMY.xml,2026-03-25T22.50.03.1868498-LCTW01516-8374-TFK657-TTG622-MFGM484CDTFK.xml
AANBD216TEB4,-48.0,-36.0,-47.4578,-36.4348,3360.392,3382.649902,0.6950049496226653,-22.257902000000286,2026-03-26T10.49.34.0629148-LCTW01516-8374-DMT115-TTG622-DMTDUMMY.xml,2026-03-25T22.50.03.1868498-LCTW01516-8374-TFK657-TTG622-MFGM484CDTFK.xml
AANBD216TEB4,-57.0,18.0,-57.9062,19.3019,3364.208,3383.600098,1.5862351811758546,-19.392097999999805,2026-03-26T10.49.34.0629148-LCTW01516-8374-DMT115-TTG622-DMTDUMMY.xml,2026-03-25T22.50.03.1868498-LCTW01516-8374-TFK657-TTG622-MFGM484CDTFK.xml
AANBD216TEB4,-18.0,-57.0,-19.3019,-57.9062,3361.237,3382.590088,1.5862351811758546,-21.353087999999843,2026-03-26T10.49.34.0629148-LCTW01516-8374-DMT115-TTG622-DMTDUMMY.xml,2026-03-25T22.50.03.1868498-LCTW01516-8374-TFK657-TTG622-MFGM484CDTFK.xml
AANBD216TEB4,-18.0,57.0,-19.3019,57.9062,3362.503,3383.800049,1.5862351811758546,-21.297048999999788,2026-03-26T10.49.34.0629148-LCTW01516-8374-DMT115-TTG622-DMTDUMMY.xml,2026-03-25T22.50.03.1868498-LCTW01516-8374-TFK657-TTG622-MFGM484CDTFK.xml
AANBD216TEB4,72.0,-3.0,71.2039,-3.6622,3357.593,3379.679932,1.035511491969062,-22.08693200000016,2026-03-26T10.49.34.0629148-LCTW01516-8374-DMT115-TTG622-DMTDUMMY.xml,2026-03-25T22.50.03.1868498-LCTW01516-8374-TFK657-TTG622-MFGM484CDTFK.xml
AANBD216TEB4,57.0,57.0,57.9062,57.9062,3357.905,3379.949951,1.2815603302224963,-22.044950999999855,2026-03-26T10.49.34.0629148-LCTW01516-8374-DMT115-TTG622-DMTDUMMY.xml,2026-03-25T22.50.03.1868498-LCTW01516-8374-TFK657-TTG622-MFGM484CDTFK.xml
AANBD216TEB4,-72.0,63.0,-71.1902,61.8829,3358.909,3379.179932,1.37974216794298,-20.270931999999902,2026-03-26T10.49.34.0629148-LCTW01516-8374-DMT115-TTG622-DMTDUMMY.xml,2026-03-25T22.50.03.1868498-LCTW01516-8374-TFK657-TTG622-MFGM484CDTFK.xml
AANBD216TEB4,18.0,-96.0,19.3019,-96.51,3352.359,3372.98999,1.398228740228152,-20.63099000000011,2026-03-26T10.49.34.0629148-LCTW01516-8374-DMT115-TTG622-DMTDUMMY.xml,2026-03-25T22.50.03.1868498-LCTW01516-8374-TFK657-TTG622-MFGM484CDTFK.xml
AANBD216TEB4,18.0,96.0,19.3019,96.51,3360.443,3379.01001,1.398228740228152,-18.567009999999755,2026-03-26T10.49.34.0629148-LCTW01516-8374-DMT115-TTG622-DMTDUMMY.xml,2026-03-25T22.50.03.1868498-LCTW01516-8374-TFK657-TTG622-MFGM484CDTFK.xml
AANBD216TEB4,96.0,18.0,96.51,19.3019,3356.122,3375.709961,1.398228740228152,-19.587961000000178,2026-03-26T10.49.34.0629148-LCTW01516-8374-DMT115-TTG622-DMTDUMMY.xml,2026-03-25T22.50.03.1868498-LCTW01516-8374-TFK657-TTG622-MFGM484CDTFK.xml
AANBD216TEB4,72.0,-69.0,71.2039,-69.2075,3352.799,3374.899902,0.8226976722952309,-22.100902000000133,2026-03-26T10.49.34.0629148-LCTW01516-8374-DMT115-TTG622-DMTDUMMY.xml,2026-03-25T22.50.03.1868498-LCTW01516-8374-TFK657-TTG622-MFGM484CDTFK.xml
AANBD216TEB4,-96.0,-57.0,-96.51,-57.9062,3354.87,3376.330078,1.0398550091238692,-21.460078000000067,2026-03-26T10.49.34.0629148-LCTW01516-8374-DMT115-TTG622-DMTDUMMY.xml,2026-03-25T22.50.03.1868498-LCTW01516-8374-TFK657-TTG622-MFGM484CDTFK.xml
AANBD216TEB4,-57.0,-96.0,-57.9062,-96.51,3352.49,3374.030029,1.0398550091238692,-21.54002900000023,2026-03-26T10.49.34.0629148-LCTW01516-8374-DMT115-TTG622-DMTDUMMY.xml,2026-03-25T22.50.03.1868498-LCTW01516-8374-TFK657-TTG622-MFGM484CDTFK.xml
AANBD216TEB4,-57.0,96.0,-57.9062,96.51,3357.182,3379.820068,1.0398550091238692,-22.638068000000203,2026-03-26T10.49.34.0629148-LCTW01516-8374-DMT115-TTG622-DMTDUMMY.xml,2026-03-25T22.50.03.1868498-LCTW01516-8374-TFK657-TTG622-MFGM484CDTFK.xml
AANBD216TEB4,96.0,63.0,94.9361,61.8829,3352.956,3376.47998,1.5426586206935122,-23.523979999999938,2026-03-26T10.49.34.0629148-LCTW01516-8374-DMT115-TTG622-DMTDUMMY.xml,2026-03-25T22.50.03.1868498-LCTW01516-8374-TFK657-TTG622-MFGM484CDTFK.xml
AANBD216TEB4,-120.0,-3.0,-118.655,-3.6622,3352.49,3374.320068,1.4991777212859043,-21.83006800000021,2026-03-26T10.49.34.0629148-LCTW01516-8374-DMT115-TTG622-DMTDUMMY.xml,2026-03-25T22.50.03.1868498-LCTW01516-8374-TFK657-TTG622-MFGM484CDTFK.xml
AANBD216TEB4,0.0,126.0,0.0067,127.428,3356.449,3375.459961,1.4280157177006112,-19.010960999999952,2026-03-26T10.49.34.0629148-LCTW01516-8374-DMT115-TTG622-DMTDUMMY.xml,2026-03-25T22.50.03.1868498-LCTW01516-8374-TFK657-TTG622-MFGM484CDTFK.xml
AANBD216TEB4,0.0,-135.0,0.0067,-134.7529999,3345.503,3367.25,0.24709095369926845,-21.746999999999844,2026-03-26T10.49.34.0629148-LCTW01516-8374-DMT115-TTG622-DMTDUMMY.xml,2026-03-25T22.50.03.1868498-LCTW01516-8374-TFK657-TTG622-MFGM484CDTFK.xml
AANBD216TEB4,-96.0,96.0,-96.51,96.51,3350.059,3370.209961,0.7212489168102857,-20.150960999999825,2026-03-26T10.49.34.0629148-LCTW01516-8374-DMT115-TTG622-DMTDUMMY.xml,2026-03-25T22.50.03.1868498-LCTW01516-8374-TFK657-TTG622-MFGM484CDTFK.xml
AANBD216TEB4,96.0,-96.0,96.51,-96.51,3346.348,3367.209961,0.7212489168102857,-20.861961000000065,2026-03-26T10.49.34.0629148-LCTW01516-8374-DMT115-TTG622-DMTDUMMY.xml,2026-03-25T22.50.03.1868498-LCTW01516-8374-TFK657-TTG622-MFGM484CDTFK.xml
AANBD216TEB4,135.0,18.0,136.2,19.3019,3345.614,3365.199951,1.7705771968485227,-19.585951000000023,2026-03-26T10.49.34.0629148-LCTW01516-8374-DMT115-TTG622-DMTDUMMY.xml,2026-03-25T22.50.03.1868498-LCTW01516-8374-TFK657-TTG622-MFGM484CDTFK.xml
AANBD216TEB4,72.0,126.0,71.2039,127.428,3344.633,3367.47998,1.6349187166339447,-22.846980000000258,2026-03-26T10.49.34.0629148-LCTW01516-8374-DMT115-TTG622-DMTDUMMY.xml,2026-03-25T22.50.03.1868498-LCTW01516-8374-TFK657-TTG622-MFGM484CDTFK.xml
AANBD216TEB4,141.0,-36.0,142.401,-36.4348,3343.831,3369.969971,1.466919234313884,-26.138970999999856,2026-03-26T10.49.34.0629148-LCTW01516-8374-DMT115-TTG622-DMTDUMMY.xml,2026-03-25T22.50.03.1868498-LCTW01516-8374-TFK657-TTG622-MFGM484CDTFK.xml
AANBD216TEB4,-135.0,-57.0,-136.2,-57.9062,3345.651,3386.669922,1.503728180224062,-41.0189220000002,2026-03-26T10.49.34.0629148-LCTW01516-8374-DMT115-TTG622-DMTDUMMY.xml,2026-03-25T22.50.03.1868498-LCTW01516-8374-TFK657-TTG622-MFGM484CDTFK.xml
AANBD216TEB4,-135.0,57.0,-136.2,57.9062,3345.586,3388.169922,1.503728180224062,-42.58392200000026,2026-03-26T10.49.34.0629148-LCTW01516-8374-DMT115-TTG622-DMTDUMMY.xml,2026-03-25T22.50.03.1868498-LCTW01516-8374-TFK657-TTG622-MFGM484CDTFK.xml
AANBD216TEB4,-57.0,-135.0,-57.9062,-136.2,3345.313,3389.360107,1.503728180224062,-44.04710699999987,2026-03-26T10.49.34.0629148-LCTW01516-8374-DMT115-TTG622-DMTDUMMY.xml,2026-03-25T22.50.03.1868498-LCTW01516-8374-TFK657-TTG622-MFGM484CDTFK.xml
AANBD216TEB4,-57.0,135.0,-57.9062,136.2,3349.252,3389.47998,1.503728180224062,-40.227980000000116,2026-03-26T10.49.34.0629148-LCTW01516-8374-DMT115-TTG622-DMTDUMMY.xml,2026-03-25T22.50.03.1868498-LCTW01516-8374-TFK657-TTG622-MFGM484CDTFK.xml
AANBD216TEB4,57.0,-135.0,57.9062,-136.2,3348.487,3390.050049,1.503728180224062,-41.563048999999864,2026-03-26T10.49.34.0629148-LCTW01516-8374-DMT115-TTG622-DMTDUMMY.xml,2026-03-25T22.50.03.1868498-LCTW01516-8374-TFK657-TTG622-MFGM484CDTFK.xml
AANBD183TEG3,0.0,0.0,0.0067,-3.6622,3368.54,3391.570068,3.6622061288245367,-23.03006800000003,2026-03-26T10.49.34.0629148-LCTW01516-8374-DMT115-TTG622-DMTDUMMY.xml,2026-03-25T22.50.03.1868498-LCTW01516-8374-TFK657-TTG622-MFGM484CDTFK.xml
AANBD183TEG3,18.0,18.0,19.3019,19.3019,3368.641,3390.620117,1.8411646368535322,-21.97911699999986,2026-03-26T10.49.34.0629148-LCTW01516-8374-DMT115-TTG622-DMTDUMMY.xml,2026-03-25T22.50.03.1868498-LCTW01516-8374-TFK657-TTG622-MFGM484CDTFK.xml
AANBD183TEG3,18.0,-21.0,19.3019,-19.3019,3364.641,3388.5,2.1397399888771536,-23.858999999999924,2026-03-26T10.49.34.0629148-LCTW01516-8374-DMT115-TTG622-DMTDUMMY.xml,2026-03-25T22.50.03.1868498-LCTW01516-8374-TFK657-TTG622-MFGM484CDTFK.xml
AANBD183TEG3,-48.0,-36.0,-47.4578,-36.4348,3360.809,3383.899902,0.6950049496226653,-23.090901999999915,2026-03-26T10.49.34.0629148-LCTW01516-8374-DMT115-TTG622-DMTDUMMY.xml,2026-03-25T22.50.03.1868498-LCTW01516-8374-TFK657-TTG622-MFGM484CDTFK.xml
AANBD183TEG3,-57.0,18.0,-57.9062,19.3019,3362.605,3385.870117,1.5862351811758546,-23.26511699999992,2026-03-26T10.49.34.0629148-LCTW01516-8374-DMT115-TTG622-DMTDUMMY.xml,2026-03-25T22.50.03.1868498-LCTW01516-8374-TFK657-TTG622-MFGM484CDTFK.xml
AANBD183TEG3,-18.0,-57.0,-19.3019,-57.9062,3360.412,3382.060059,1.5862351811758546,-21.648059000000103,2026-03-26T10.49.34.0629148-LCTW01516-8374-DMT115-TTG622-DMTDUMMY.xml,2026-03-25T22.50.03.1868498-LCTW01516-8374-TFK657-TTG622-MFGM484CDTFK.xml
AANBD183TEG3,-18.0,57.0,-19.3019,57.9062,3362.343,3385.290039,1.5862351811758546,-22.94703900000013,2026-03-26T10.49.34.0629148-LCTW01516-8374-DMT115-TTG622-DMTDUMMY.xml,2026-03-25T22.50.03.1868498-LCTW01516-8374-TFK657-TTG622-MFGM484CDTFK.xml
AANBD183TEG3,72.0,-3.0,71.2039,-3.6622,3356.669,3380.01001,1.035511491969062,-23.341010000000097,2026-03-26T10.49.34.0629148-LCTW01516-8374-DMT115-TTG622-DMTDUMMY.xml,2026-03-25T22.50.03.1868498-LCTW01516-8374-TFK657-TTG622-MFGM484CDTFK.xml
AANBD183TEG3,57.0,57.0,57.9062,57.9062,3359.072,3380.070068,1.2815603302224963,-20.998067999999876,2026-03-26T10.49.34.0629148-LCTW01516-8374-DMT115-TTG622-DMTDUMMY.xml,2026-03-25T22.50.03.1868498-LCTW01516-8374-TFK657-TTG622-MFGM484CDTFK.xml
AANBD183TEG3,-72.0,63.0,-71.1902,61.8829,3358.472,3379.219971,1.37974216794298,-20.74797099999978,2026-03-26T10.49.34.0629148-LCTW01516-8374-DMT115-TTG622-DMTDUMMY.xml,2026-03-25T22.50.03.1868498-LCTW01516-8374-TFK657-TTG622-MFGM484CDTFK.xml
AANBD183TEG3,18.0,-96.0,19.3019,-96.51,3356.477,3375.47998,1.398228740228152,-19.002980000000207,2026-03-26T10.49.34.0629148-LCTW01516-8374-DMT115-TTG622-DMTDUMMY.xml,2026-03-25T22.50.03.1868498-LCTW01516-8374-TFK657-TTG622-MFGM484CDTFK.xml
AANBD183TEG3,18.0,96.0,19.3019,96.51,3360.293,3379.870117,1.398228740228152,-19.577116999999816,2026-03-26T10.49.34.0629148-LCTW01516-8374-DMT115-TTG622-DMTDUMMY.xml,2026-03-25T22.50.03.1868498-LCTW01516-8374-TFK657-TTG622-MFGM484CDTFK.xml
AANBD183TEG3,96.0,18.0,96.51,19.3019,3355.474,3378.429932,1.398228740228152,-22.955931999999848,2026-03-26T10.49.34.0629148-LCTW01516-8374-DMT115-TTG622-DMTDUMMY.xml,2026-03-25T22.50.03.1868498-LCTW01516-8374-TFK657-TTG622-MFGM484CDTFK.xml
AANBD183TEG3,72.0,-69.0,71.2039,-69.2075,3352.081,3375.969971,0.8226976722952309,-23.888970999999856,2026-03-26T10.49.34.0629148-LCTW01516-8374-DMT115-TTG622-DMTDUMMY.xml,2026-03-25T22.50.03.1868498-LCTW01516-8374-TFK657-TTG622-MFGM484CDTFK.xml
AANBD183TEG3,-96.0,-57.0,-96.51,-57.9062,3356.676,3375.850098,1.0398550091238692,-19.174097999999958,2026-03-26T10.49.34.0629148-LCTW01516-8374-DMT115-TTG622-DMTDUMMY.xml,2026-03-25T22.50.03.1868498-LCTW01516-8374-TFK657-TTG622-MFGM484CDTFK.xml
AANBD183TEG3,-57.0,-96.0,-57.9062,-96.51,3354.996,3375.310059,1.0398550091238692,-20.314058999999816,2026-03-26T10.49.34.0629148-LCTW01516-8374-DMT115-TTG622-DMTDUMMY.xml,2026-03-25T22.50.03.1868498-LCTW01516-8374-TFK657-TTG622-MFGM484CDTFK.xml
AANBD183TEG3,-57.0,96.0,-57.9062,96.51,3356.491,3378.209961,1.0398550091238692,-21.718961000000036,2026-03-26T10.49.34.0629148-LCTW01516-8374-DMT115-TTG622-DMTDUMMY.xml,2026-03-25T22.50.03.1868498-LCTW01516-8374-TFK657-TTG622-MFGM484CDTFK.xml
AANBD183TEG3,96.0,63.0,94.9361,61.8829,3353.694,3375.169922,1.5426586206935122,-21.475922000000082,2026-03-26T10.49.34.0629148-LCTW01516-8374-DMT115-TTG622-DMTDUMMY.xml,2026-03-25T22.50.03.1868498-LCTW01516-8374-TFK657-TTG622-MFGM484CDTFK.xml
AANBD183TEG3,-120.0,-3.0,-118.655,-3.6622,3354.822,3374.850098,1.4991777212859043,-20.028097999999773,2026-03-26T10.49.34.0629148-LCTW01516-8374-DMT115-TTG622-DMTDUMMY.xml,2026-03-25T22.50.03.1868498-LCTW01516-8374-TFK657-TTG622-MFGM484CDTFK.xml
AANBD183TEG3,0.0,126.0,0.0067,127.428,3354.402,3375.399902,1.4280157177006112,-20.997902000000067,2026-03-26T10.49.34.0629148-LCTW01516-8374-DMT115-TTG622-DMTDUMMY.xml,2026-03-25T22.50.03.1868498-LCTW01516-8374-TFK657-TTG622-MFGM484CDTFK.xml
AANBD183TEG3,0.0,-135.0,0.0067,-134.7529999,3345.674,3366.77002,0.24709095369926845,-21.096019999999953,2026-03-26T10.49.34.0629148-LCTW01516-8374-DMT115-TTG622-DMTDUMMY.xml,2026-03-25T22.50.03.1868498-LCTW01516-8374-TFK657-TTG622-MFGM484CDTFK.xml
AANBD183TEG3,-96.0,96.0,-96.51,96.51,3351.737,3373.030029,0.7212489168102857,-21.293028999999933,2026-03-26T10.49.34.0629148-LCTW01516-8374-DMT115-TTG622-DMTDUMMY.xml,2026-03-25T22.50.03.1868498-LCTW01516-8374-TFK657-TTG622-MFGM484CDTFK.xml
AANBD183TEG3,96.0,-96.0,96.51,-96.51,3345.231,3367.179932,0.7212489168102857,-21.948931999999786,2026-03-26T10.49.34.0629148-LCTW01516-8374-DMT115-TTG622-DMTDUMMY.xml,2026-03-25T22.50.03.1868498-LCTW01516-8374-TFK657-TTG622-MFGM484CDTFK.xml
AANBD183TEG3,135.0,18.0,136.2,19.3019,3345.819,3366.72998,1.7705771968485227,-20.91098000000011,2026-03-26T10.49.34.0629148-LCTW01516-8374-DMT115-TTG622-DMTDUMMY.xml,2026-03-25T22.50.03.1868498-LCTW01516-8374-TFK657-TTG622-MFGM484CDTFK.xml
AANBD183TEG3,72.0,126.0,71.2039,127.428,3345.673,3367.090088,1.6349187166339447,-21.41708800000015,2026-03-26T10.49.34.0629148-LCTW01516-8374-DMT115-TTG622-DMTDUMMY.xml,2026-03-25T22.50.03.1868498-LCTW01516-8374-TFK657-TTG622-MFGM484CDTFK.xml
AANBD183TEG3,141.0,-36.0,142.401,-36.4348,3345.715,3371.199951,1.466919234313884,-25.48495099999991,2026-03-26T10.49.34.0629148-LCTW01516-8374-DMT115-TTG622-DMTDUMMY.xml,2026-03-25T22.50.03.1868498-LCTW01516-8374-TFK657-TTG622-MFGM484CDTFK.xml
AANBD183TEG3,-135.0,-57.0,-136.2,-57.9062,3346.743,3389.080078,1.503728180224062,-42.33707800000002,2026-03-26T10.49.34.0629148-LCTW01516-8374-DMT115-TTG622-DMTDUMMY.xml,2026-03-25T22.50.03.1868498-LCTW01516-8374-TFK657-TTG622-MFGM484CDTFK.xml
AANBD183TEG3,-135.0,57.0,-136.2,57.9062,3346.763,3389.780029,1.503728180224062,-43.01702900000009,2026-03-26T10.49.34.0629148-LCTW01516-8374-DMT115-TTG622-DMTDUMMY.xml,2026-03-25T22.50.03.1868498-LCTW01516-8374-TFK657-TTG622-MFGM484CDTFK.xml
AANBD183TEG3,-57.0,-135.0,-57.9062,-136.2,3347.228,3389.610107,1.503728180224062,-42.382106999999905,2026-03-26T10.49.34.0629148-LCTW01516-8374-DMT115-TTG622-DMTDUMMY.xml,2026-03-25T22.50.03.1868498-LCTW01516-8374-TFK657-TTG622-MFGM484CDTFK.xml
AANBD183TEG3,-57.0,135.0,-57.9062,136.2,3347.346,3388.149902,1.503728180224062,-40.80390200000011,2026-03-26T10.49.34.0629148-LCTW01516-8374-DMT115-TTG622-DMTDUMMY.xml,2026-03-25T22.50.03.1868498-LCTW01516-8374-TFK657-TTG622-MFGM484CDTFK.xml
AANBD183TEG3,57.0,-135.0,57.9062,-136.2,3349.933,3389.620117,1.503728180224062,-39.687116999999944,2026-03-26T10.49.34.0629148-LCTW01516-8374-DMT115-TTG622-DMTDUMMY.xml,2026-03-25T22.50.03.1868498-LCTW01516-8374-TFK657-TTG622-MFGM484CDTFK.xml
