WaferID,DMT_X_mm,DMT_Y_mm,DMT_Thickness,TFK_X_mm,TFK_Y_mm,TFK_Thickness,Distance_mm,Thickness_Delta,DMT_File,TFK_File
AANBD202TEC1,0.0,0.0,3349.915,0.0067,-3.6622,3380.530029,3.6622061288245367,-30.61502900000005,2026-03-26T10.03.50.2581867-LCTW01516-8374-DMT115-TTG624-DMTDUMMY.xml,2026-03-25T13.38.44.1119450-LCTW01516-8374-TFK659-TTG624-MFGM484CDTFK.xml
AANBD202TEC1,18.0,18.0,3351.7,19.3019,19.3019,3383.320068,1.8411646368535322,-31.620068000000174,2026-03-26T10.03.50.2581867-LCTW01516-8374-DMT115-TTG624-DMTDUMMY.xml,2026-03-25T13.38.44.1119450-LCTW01516-8374-TFK659-TTG624-MFGM484CDTFK.xml
AANBD202TEC1,18.0,-21.0,3353.03,19.3019,-19.3019,3383.939941,2.1397399888771536,-30.90994099999989,2026-03-26T10.03.50.2581867-LCTW01516-8374-DMT115-TTG624-DMTDUMMY.xml,2026-03-25T13.38.44.1119450-LCTW01516-8374-TFK659-TTG624-MFGM484CDTFK.xml
AANBD202TEC1,-48.0,-36.0,3349.068,-47.4578,-36.4348,3381.73999,0.6950049496226653,-32.67198999999982,2026-03-26T10.03.50.2581867-LCTW01516-8374-DMT115-TTG624-DMTDUMMY.xml,2026-03-25T13.38.44.1119450-LCTW01516-8374-TFK659-TTG624-MFGM484CDTFK.xml
AANBD202TEC1,-57.0,18.0,3350.829,-57.9062,19.3019,3381.219971,1.5862351811758546,-30.39097099999981,2026-03-26T10.03.50.2581867-LCTW01516-8374-DMT115-TTG624-DMTDUMMY.xml,2026-03-25T13.38.44.1119450-LCTW01516-8374-TFK659-TTG624-MFGM484CDTFK.xml
AANBD202TEC1,-18.0,-57.0,3353.156,-19.3019,-57.9062,3382.290039,1.5862351811758546,-29.13403900000003,2026-03-26T10.03.50.2581867-LCTW01516-8374-DMT115-TTG624-DMTDUMMY.xml,2026-03-25T13.38.44.1119450-LCTW01516-8374-TFK659-TTG624-MFGM484CDTFK.xml
AANBD202TEC1,-18.0,57.0,3351.739,-19.3019,57.9062,3380.459961,1.5862351811758546,-28.72096099999999,2026-03-26T10.03.50.2581867-LCTW01516-8374-DMT115-TTG624-DMTDUMMY.xml,2026-03-25T13.38.44.1119450-LCTW01516-8374-TFK659-TTG624-MFGM484CDTFK.xml
AANBD202TEC1,72.0,-3.0,3349.406,71.2039,-3.6622,3379.280029,1.035511491969062,-29.874029000000064,2026-03-26T10.03.50.2581867-LCTW01516-8374-DMT115-TTG624-DMTDUMMY.xml,2026-03-25T13.38.44.1119450-LCTW01516-8374-TFK659-TTG624-MFGM484CDTFK.xml
AANBD202TEC1,57.0,57.0,3346.045,57.9062,57.9062,3375.800049,1.2815603302224963,-29.75504899999987,2026-03-26T10.03.50.2581867-LCTW01516-8374-DMT115-TTG624-DMTDUMMY.xml,2026-03-25T13.38.44.1119450-LCTW01516-8374-TFK659-TTG624-MFGM484CDTFK.xml
AANBD202TEC1,-72.0,63.0,3343.842,-71.1902,61.8829,3373.149902,1.37974216794298,-29.307902000000013,2026-03-26T10.03.50.2581867-LCTW01516-8374-DMT115-TTG624-DMTDUMMY.xml,2026-03-25T13.38.44.1119450-LCTW01516-8374-TFK659-TTG624-MFGM484CDTFK.xml
AANBD202TEC1,18.0,-96.0,3345.398,19.3019,-96.51,3377.149902,1.398228740228152,-31.751901999999973,2026-03-26T10.03.50.2581867-LCTW01516-8374-DMT115-TTG624-DMTDUMMY.xml,2026-03-25T13.38.44.1119450-LCTW01516-8374-TFK659-TTG624-MFGM484CDTFK.xml
AANBD202TEC1,18.0,96.0,3345.812,19.3019,96.51,3374.780029,1.398228740228152,-28.968029000000115,2026-03-26T10.03.50.2581867-LCTW01516-8374-DMT115-TTG624-DMTDUMMY.xml,2026-03-25T13.38.44.1119450-LCTW01516-8374-TFK659-TTG624-MFGM484CDTFK.xml
AANBD202TEC1,96.0,18.0,3349.269,96.51,19.3019,3377.51001,1.398228740228152,-28.241010000000188,2026-03-26T10.03.50.2581867-LCTW01516-8374-DMT115-TTG624-DMTDUMMY.xml,2026-03-25T13.38.44.1119450-LCTW01516-8374-TFK659-TTG624-MFGM484CDTFK.xml
AANBD202TEC1,72.0,-69.0,3349.994,71.2039,-69.2075,3379.879883,0.8226976722952309,-29.88588299999992,2026-03-26T10.03.50.2581867-LCTW01516-8374-DMT115-TTG624-DMTDUMMY.xml,2026-03-25T13.38.44.1119450-LCTW01516-8374-TFK659-TTG624-MFGM484CDTFK.xml
AANBD202TEC1,-96.0,-57.0,3342.79,-96.51,-57.9062,3372.449951,1.0398550091238692,-29.659951000000092,2026-03-26T10.03.50.2581867-LCTW01516-8374-DMT115-TTG624-DMTDUMMY.xml,2026-03-25T13.38.44.1119450-LCTW01516-8374-TFK659-TTG624-MFGM484CDTFK.xml
AANBD202TEC1,-57.0,-96.0,3343.878,-57.9062,-96.51,3373.629883,1.0398550091238692,-29.751882999999907,2026-03-26T10.03.50.2581867-LCTW01516-8374-DMT115-TTG624-DMTDUMMY.xml,2026-03-25T13.38.44.1119450-LCTW01516-8374-TFK659-TTG624-MFGM484CDTFK.xml
AANBD202TEC1,-57.0,96.0,3343.74,-57.9062,96.51,3373.379883,1.0398550091238692,-29.63988300000028,2026-03-26T10.03.50.2581867-LCTW01516-8374-DMT115-TTG624-DMTDUMMY.xml,2026-03-25T13.38.44.1119450-LCTW01516-8374-TFK659-TTG624-MFGM484CDTFK.xml
AANBD202TEC1,96.0,63.0,3346.544,94.9361,61.8829,3373.72998,1.5426586206935122,-27.1859800000002,2026-03-26T10.03.50.2581867-LCTW01516-8374-DMT115-TTG624-DMTDUMMY.xml,2026-03-25T13.38.44.1119450-LCTW01516-8374-TFK659-TTG624-MFGM484CDTFK.xml
AANBD202TEC1,-120.0,-3.0,3339.565,-118.655,-3.6622,3371.580078,1.4991777212859043,-32.0150779999999,2026-03-26T10.03.50.2581867-LCTW01516-8374-DMT115-TTG624-DMTDUMMY.xml,2026-03-25T13.38.44.1119450-LCTW01516-8374-TFK659-TTG624-MFGM484CDTFK.xml
AANBD202TEC1,0.0,126.0,3338.336,0.0067,127.428,3368.719971,1.4280157177006112,-30.3839710000002,2026-03-26T10.03.50.2581867-LCTW01516-8374-DMT115-TTG624-DMTDUMMY.xml,2026-03-25T13.38.44.1119450-LCTW01516-8374-TFK659-TTG624-MFGM484CDTFK.xml
AANBD202TEC1,0.0,-135.0,3338.758,0.0067,-134.7529999,3366.77002,0.24709095369926845,-28.01202000000012,2026-03-26T10.03.50.2581867-LCTW01516-8374-DMT115-TTG624-DMTDUMMY.xml,2026-03-25T13.38.44.1119450-LCTW01516-8374-TFK659-TTG624-MFGM484CDTFK.xml
AANBD202TEC1,-96.0,96.0,3336.263,-96.51,96.51,3364.070068,0.7212489168102857,-27.807068000000072,2026-03-26T10.03.50.2581867-LCTW01516-8374-DMT115-TTG624-DMTDUMMY.xml,2026-03-25T13.38.44.1119450-LCTW01516-8374-TFK659-TTG624-MFGM484CDTFK.xml
AANBD202TEC1,96.0,-96.0,3340.419,96.51,-96.51,3369.120117,0.7212489168102857,-28.701117000000067,2026-03-26T10.03.50.2581867-LCTW01516-8374-DMT115-TTG624-DMTDUMMY.xml,2026-03-25T13.38.44.1119450-LCTW01516-8374-TFK659-TTG624-MFGM484CDTFK.xml
AANBD202TEC1,135.0,18.0,3340.59,136.2,19.3019,3368.439941,1.7705771968485227,-27.849940999999944,2026-03-26T10.03.50.2581867-LCTW01516-8374-DMT115-TTG624-DMTDUMMY.xml,2026-03-25T13.38.44.1119450-LCTW01516-8374-TFK659-TTG624-MFGM484CDTFK.xml
AANBD202TEC1,72.0,126.0,3334.185,71.2039,127.428,3367.110107,1.6349187166339447,-32.925107000000025,2026-03-26T10.03.50.2581867-LCTW01516-8374-DMT115-TTG624-DMTDUMMY.xml,2026-03-25T13.38.44.1119450-LCTW01516-8374-TFK659-TTG624-MFGM484CDTFK.xml
AANBD202TEC1,141.0,-36.0,3338.716,142.401,-36.4348,3375.040039,1.466919234313884,-36.324039000000084,2026-03-26T10.03.50.2581867-LCTW01516-8374-DMT115-TTG624-DMTDUMMY.xml,2026-03-25T13.38.44.1119450-LCTW01516-8374-TFK659-TTG624-MFGM484CDTFK.xml
AANBD202TEC1,-135.0,-57.0,3357.544,-136.2,-57.9062,3390.590088,1.503728180224062,-33.046088000000054,2026-03-26T10.03.50.2581867-LCTW01516-8374-DMT115-TTG624-DMTDUMMY.xml,2026-03-25T13.38.44.1119450-LCTW01516-8374-TFK659-TTG624-MFGM484CDTFK.xml
AANBD202TEC1,-135.0,57.0,3359.929,-136.2,57.9062,3394.77002,1.503728180224062,-34.841019999999844,2026-03-26T10.03.50.2581867-LCTW01516-8374-DMT115-TTG624-DMTDUMMY.xml,2026-03-25T13.38.44.1119450-LCTW01516-8374-TFK659-TTG624-MFGM484CDTFK.xml
AANBD202TEC1,-57.0,-135.0,3357.418,-57.9062,-136.2,3392.139893,1.503728180224062,-34.72189299999991,2026-03-26T10.03.50.2581867-LCTW01516-8374-DMT115-TTG624-DMTDUMMY.xml,2026-03-25T13.38.44.1119450-LCTW01516-8374-TFK659-TTG624-MFGM484CDTFK.xml
AANBD202TEC1,-57.0,135.0,3356.966,-57.9062,136.2,3394.219971,1.503728180224062,-37.25397100000009,2026-03-26T10.03.50.2581867-LCTW01516-8374-DMT115-TTG624-DMTDUMMY.xml,2026-03-25T13.38.44.1119450-LCTW01516-8374-TFK659-TTG624-MFGM484CDTFK.xml
AANBD202TEC1,57.0,-135.0,3363.196,57.9062,-136.2,3391.610107,1.503728180224062,-28.414107000000058,2026-03-26T10.03.50.2581867-LCTW01516-8374-DMT115-TTG624-DMTDUMMY.xml,2026-03-25T13.38.44.1119450-LCTW01516-8374-TFK659-TTG624-MFGM484CDTFK.xml
AANBD216TEB4,0.0,0.0,3370.514,0.0067,-3.6622,3391.389893,3.6622061288245367,-20.875892999999905,2026-03-26T10.49.34.0629148-LCTW01516-8374-DMT115-TTG622-DMTDUMMY.xml,2026-03-25T22.50.03.1868498-LCTW01516-8374-TFK657-TTG622-MFGM484CDTFK.xml
AANBD216TEB4,18.0,18.0,3370.341,19.3019,19.3019,3389.610107,1.8411646368535322,-19.269107000000076,2026-03-26T10.49.34.0629148-LCTW01516-8374-DMT115-TTG622-DMTDUMMY.xml,2026-03-25T22.50.03.1868498-LCTW01516-8374-TFK657-TTG622-MFGM484CDTFK.xml
AANBD216TEB4,18.0,-21.0,3363.854,19.3019,-19.3019,3385.389893,2.1397399888771536,-21.535893000000215,2026-03-26T10.49.34.0629148-LCTW01516-8374-DMT115-TTG622-DMTDUMMY.xml,2026-03-25T22.50.03.1868498-LCTW01516-8374-TFK657-TTG622-MFGM484CDTFK.xml
AANBD216TEB4,-48.0,-36.0,3360.392,-47.4578,-36.4348,3382.649902,0.6950049496226653,-22.257902000000286,2026-03-26T10.49.34.0629148-LCTW01516-8374-DMT115-TTG622-DMTDUMMY.xml,2026-03-25T22.50.03.1868498-LCTW01516-8374-TFK657-TTG622-MFGM484CDTFK.xml
AANBD216TEB4,-57.0,18.0,3364.208,-57.9062,19.3019,3383.600098,1.5862351811758546,-19.392097999999805,2026-03-26T10.49.34.0629148-LCTW01516-8374-DMT115-TTG622-DMTDUMMY.xml,2026-03-25T22.50.03.1868498-LCTW01516-8374-TFK657-TTG622-MFGM484CDTFK.xml
AANBD216TEB4,-18.0,-57.0,3361.237,-19.3019,-57.9062,3382.590088,1.5862351811758546,-21.353087999999843,2026-03-26T10.49.34.0629148-LCTW01516-8374-DMT115-TTG622-DMTDUMMY.xml,2026-03-25T22.50.03.1868498-LCTW01516-8374-TFK657-TTG622-MFGM484CDTFK.xml
AANBD216TEB4,-18.0,57.0,3362.503,-19.3019,57.9062,3383.800049,1.5862351811758546,-21.297048999999788,2026-03-26T10.49.34.0629148-LCTW01516-8374-DMT115-TTG622-DMTDUMMY.xml,2026-03-25T22.50.03.1868498-LCTW01516-8374-TFK657-TTG622-MFGM484CDTFK.xml
AANBD216TEB4,72.0,-3.0,3357.593,71.2039,-3.6622,3379.679932,1.035511491969062,-22.08693200000016,2026-03-26T10.49.34.0629148-LCTW01516-8374-DMT115-TTG622-DMTDUMMY.xml,2026-03-25T22.50.03.1868498-LCTW01516-8374-TFK657-TTG622-MFGM484CDTFK.xml
AANBD216TEB4,57.0,57.0,3357.905,57.9062,57.9062,3379.949951,1.2815603302224963,-22.044950999999855,2026-03-26T10.49.34.0629148-LCTW01516-8374-DMT115-TTG622-DMTDUMMY.xml,2026-03-25T22.50.03.1868498-LCTW01516-8374-TFK657-TTG622-MFGM484CDTFK.xml
AANBD216TEB4,-72.0,63.0,3358.909,-71.1902,61.8829,3379.179932,1.37974216794298,-20.270931999999902,2026-03-26T10.49.34.0629148-LCTW01516-8374-DMT115-TTG622-DMTDUMMY.xml,2026-03-25T22.50.03.1868498-LCTW01516-8374-TFK657-TTG622-MFGM484CDTFK.xml
AANBD216TEB4,18.0,-96.0,3352.359,19.3019,-96.51,3372.98999,1.398228740228152,-20.63099000000011,2026-03-26T10.49.34.0629148-LCTW01516-8374-DMT115-TTG622-DMTDUMMY.xml,2026-03-25T22.50.03.1868498-LCTW01516-8374-TFK657-TTG622-MFGM484CDTFK.xml
AANBD216TEB4,18.0,96.0,3360.443,19.3019,96.51,3379.01001,1.398228740228152,-18.567009999999755,2026-03-26T10.49.34.0629148-LCTW01516-8374-DMT115-TTG622-DMTDUMMY.xml,2026-03-25T22.50.03.1868498-LCTW01516-8374-TFK657-TTG622-MFGM484CDTFK.xml
AANBD216TEB4,96.0,18.0,3356.122,96.51,19.3019,3375.709961,1.398228740228152,-19.587961000000178,2026-03-26T10.49.34.0629148-LCTW01516-8374-DMT115-TTG622-DMTDUMMY.xml,2026-03-25T22.50.03.1868498-LCTW01516-8374-TFK657-TTG622-MFGM484CDTFK.xml
AANBD216TEB4,72.0,-69.0,3352.799,71.2039,-69.2075,3374.899902,0.8226976722952309,-22.100902000000133,2026-03-26T10.49.34.0629148-LCTW01516-8374-DMT115-TTG622-DMTDUMMY.xml,2026-03-25T22.50.03.1868498-LCTW01516-8374-TFK657-TTG622-MFGM484CDTFK.xml
AANBD216TEB4,-96.0,-57.0,3354.87,-96.51,-57.9062,3376.330078,1.0398550091238692,-21.460078000000067,2026-03-26T10.49.34.0629148-LCTW01516-8374-DMT115-TTG622-DMTDUMMY.xml,2026-03-25T22.50.03.1868498-LCTW01516-8374-TFK657-TTG622-MFGM484CDTFK.xml
AANBD216TEB4,-57.0,-96.0,3352.49,-57.9062,-96.51,3374.030029,1.0398550091238692,-21.54002900000023,2026-03-26T10.49.34.0629148-LCTW01516-8374-DMT115-TTG622-DMTDUMMY.xml,2026-03-25T22.50.03.1868498-LCTW01516-8374-TFK657-TTG622-MFGM484CDTFK.xml
AANBD216TEB4,-57.0,96.0,3357.182,-57.9062,96.51,3379.820068,1.0398550091238692,-22.638068000000203,2026-03-26T10.49.34.0629148-LCTW01516-8374-DMT115-TTG622-DMTDUMMY.xml,2026-03-25T22.50.03.1868498-LCTW01516-8374-TFK657-TTG622-MFGM484CDTFK.xml
AANBD216TEB4,96.0,63.0,3352.956,94.9361,61.8829,3376.47998,1.5426586206935122,-23.523979999999938,2026-03-26T10.49.34.0629148-LCTW01516-8374-DMT115-TTG622-DMTDUMMY.xml,2026-03-25T22.50.03.1868498-LCTW01516-8374-TFK657-TTG622-MFGM484CDTFK.xml
AANBD216TEB4,-120.0,-3.0,3352.49,-118.655,-3.6622,3374.320068,1.4991777212859043,-21.83006800000021,2026-03-26T10.49.34.0629148-LCTW01516-8374-DMT115-TTG622-DMTDUMMY.xml,2026-03-25T22.50.03.1868498-LCTW01516-8374-TFK657-TTG622-MFGM484CDTFK.xml
AANBD216TEB4,0.0,126.0,3356.449,0.0067,127.428,3375.459961,1.4280157177006112,-19.010960999999952,2026-03-26T10.49.34.0629148-LCTW01516-8374-DMT115-TTG622-DMTDUMMY.xml,2026-03-25T22.50.03.1868498-LCTW01516-8374-TFK657-TTG622-MFGM484CDTFK.xml
AANBD216TEB4,0.0,-135.0,3345.503,0.0067,-134.7529999,3367.25,0.24709095369926845,-21.746999999999844,2026-03-26T10.49.34.0629148-LCTW01516-8374-DMT115-TTG622-DMTDUMMY.xml,2026-03-25T22.50.03.1868498-LCTW01516-8374-TFK657-TTG622-MFGM484CDTFK.xml
AANBD216TEB4,-96.0,96.0,3350.059,-96.51,96.51,3370.209961,0.7212489168102857,-20.150960999999825,2026-03-26T10.49.34.0629148-LCTW01516-8374-DMT115-TTG622-DMTDUMMY.xml,2026-03-25T22.50.03.1868498-LCTW01516-8374-TFK657-TTG622-MFGM484CDTFK.xml
AANBD216TEB4,96.0,-96.0,3346.348,96.51,-96.51,3367.209961,0.7212489168102857,-20.861961000000065,2026-03-26T10.49.34.0629148-LCTW01516-8374-DMT115-TTG622-DMTDUMMY.xml,2026-03-25T22.50.03.1868498-LCTW01516-8374-TFK657-TTG622-MFGM484CDTFK.xml
AANBD216TEB4,135.0,18.0,3345.614,136.2,19.3019,3365.199951,1.7705771968485227,-19.585951000000023,2026-03-26T10.49.34.0629148-LCTW01516-8374-DMT115-TTG622-DMTDUMMY.xml,2026-03-25T22.50.03.1868498-LCTW01516-8374-TFK657-TTG622-MFGM484CDTFK.xml
AANBD216TEB4,72.0,126.0,3344.633,71.2039,127.428,3367.47998,1.6349187166339447,-22.846980000000258,2026-03-26T10.49.34.0629148-LCTW01516-8374-DMT115-TTG622-DMTDUMMY.xml,2026-03-25T22.50.03.1868498-LCTW01516-8374-TFK657-TTG622-MFGM484CDTFK.xml
AANBD216TEB4,141.0,-36.0,3343.831,142.401,-36.4348,3369.969971,1.466919234313884,-26.138970999999856,2026-03-26T10.49.34.0629148-LCTW01516-8374-DMT115-TTG622-DMTDUMMY.xml,2026-03-25T22.50.03.1868498-LCTW01516-8374-TFK657-TTG622-MFGM484CDTFK.xml
AANBD216TEB4,-135.0,-57.0,3365.651,-136.2,-57.9062,3386.669922,1.503728180224062,-21.018922000000202,2026-03-26T10.49.34.0629148-LCTW01516-8374-DMT115-TTG622-DMTDUMMY.xml,2026-03-25T22.50.03.1868498-LCTW01516-8374-TFK657-TTG622-MFGM484CDTFK.xml
AANBD216TEB4,-135.0,57.0,3365.586,-136.2,57.9062,3388.169922,1.503728180224062,-22.583922000000257,2026-03-26T10.49.34.0629148-LCTW01516-8374-DMT115-TTG622-DMTDUMMY.xml,2026-03-25T22.50.03.1868498-LCTW01516-8374-TFK657-TTG622-MFGM484CDTFK.xml
AANBD216TEB4,-57.0,-135.0,3365.313,-57.9062,-136.2,3389.360107,1.503728180224062,-24.04710699999987,2026-03-26T10.49.34.0629148-LCTW01516-8374-DMT115-TTG622-DMTDUMMY.xml,2026-03-25T22.50.03.1868498-LCTW01516-8374-TFK657-TTG622-MFGM484CDTFK.xml
AANBD216TEB4,-57.0,135.0,3369.252,-57.9062,136.2,3389.47998,1.503728180224062,-20.227980000000116,2026-03-26T10.49.34.0629148-LCTW01516-8374-DMT115-TTG622-DMTDUMMY.xml,2026-03-25T22.50.03.1868498-LCTW01516-8374-TFK657-TTG622-MFGM484CDTFK.xml
AANBD216TEB4,57.0,-135.0,3368.487,57.9062,-136.2,3390.050049,1.503728180224062,-21.563048999999864,2026-03-26T10.49.34.0629148-LCTW01516-8374-DMT115-TTG622-DMTDUMMY.xml,2026-03-25T22.50.03.1868498-LCTW01516-8374-TFK657-TTG622-MFGM484CDTFK.xml
AANBD182TEC1,0.0,0.0,3351.246,0.0067,-3.6622,3378.399902,3.6622061288245367,-27.153902000000016,2026-03-26T10.03.50.2581867-LCTW01516-8374-DMT115-TTG624-DMTDUMMY.xml,2026-03-25T13.38.44.1119450-LCTW01516-8374-TFK659-TTG624-MFGM484CDTFK.xml
AANBD182TEC1,18.0,18.0,3354.162,19.3019,19.3019,3384.600098,1.8411646368535322,-30.438098000000082,2026-03-26T10.03.50.2581867-LCTW01516-8374-DMT115-TTG624-DMTDUMMY.xml,2026-03-25T13.38.44.1119450-LCTW01516-8374-TFK659-TTG624-MFGM484CDTFK.xml
AANBD182TEC1,18.0,-21.0,3354.199,19.3019,-19.3019,3385.810059,2.1397399888771536,-31.61105899999984,2026-03-26T10.03.50.2581867-LCTW01516-8374-DMT115-TTG624-DMTDUMMY.xml,2026-03-25T13.38.44.1119450-LCTW01516-8374-TFK659-TTG624-MFGM484CDTFK.xml
AANBD182TEC1,-48.0,-36.0,3355.29,-47.4578,-36.4348,3385.370117,0.6950049496226653,-30.080116999999973,2026-03-26T10.03.50.2581867-LCTW01516-8374-DMT115-TTG624-DMTDUMMY.xml,2026-03-25T13.38.44.1119450-LCTW01516-8374-TFK659-TTG624-MFGM484CDTFK.xml
AANBD182TEC1,-57.0,18.0,3352.063,-57.9062,19.3019,3383.080078,1.5862351811758546,-31.017077999999856,2026-03-26T10.03.50.2581867-LCTW01516-8374-DMT115-TTG624-DMTDUMMY.xml,2026-03-25T13.38.44.1119450-LCTW01516-8374-TFK659-TTG624-MFGM484CDTFK.xml
AANBD182TEC1,-18.0,-57.0,3353.003,-19.3019,-57.9062,3383.719971,1.5862351811758546,-30.71697099999983,2026-03-26T10.03.50.2581867-LCTW01516-8374-DMT115-TTG624-DMTDUMMY.xml,2026-03-25T13.38.44.1119450-LCTW01516-8374-TFK659-TTG624-MFGM484CDTFK.xml
AANBD182TEC1,-18.0,57.0,3353.115,-19.3019,57.9062,3382.959961,1.5862351811758546,-29.84496100000024,2026-03-26T10.03.50.2581867-LCTW01516-8374-DMT115-TTG624-DMTDUMMY.xml,2026-03-25T13.38.44.1119450-LCTW01516-8374-TFK659-TTG624-MFGM484CDTFK.xml
AANBD182TEC1,72.0,-3.0,3349.966,71.2039,-3.6622,3379.899902,1.035511491969062,-29.933902000000217,2026-03-26T10.03.50.2581867-LCTW01516-8374-DMT115-TTG624-DMTDUMMY.xml,2026-03-25T13.38.44.1119450-LCTW01516-8374-TFK659-TTG624-MFGM484CDTFK.xml
AANBD182TEC1,57.0,57.0,3348.515,57.9062,57.9062,3380.199951,1.2815603302224963,-31.684951000000183,2026-03-26T10.03.50.2581867-LCTW01516-8374-DMT115-TTG624-DMTDUMMY.xml,2026-03-25T13.38.44.1119450-LCTW01516-8374-TFK659-TTG624-MFGM484CDTFK.xml
AANBD182TEC1,-72.0,63.0,3348.265,-71.1902,61.8829,3379.860107,1.37974216794298,-31.595107000000098,2026-03-26T10.03.50.2581867-LCTW01516-8374-DMT115-TTG624-DMTDUMMY.xml,2026-03-25T13.38.44.1119450-LCTW01516-8374-TFK659-TTG624-MFGM484CDTFK.xml
AANBD182TEC1,18.0,-96.0,3351.301,19.3019,-96.51,3380.580078,1.398228740228152,-29.279078000000027,2026-03-26T10.03.50.2581867-LCTW01516-8374-DMT115-TTG624-DMTDUMMY.xml,2026-03-25T13.38.44.1119450-LCTW01516-8374-TFK659-TTG624-MFGM484CDTFK.xml
AANBD182TEC1,18.0,96.0,3347.985,19.3019,96.51,3378.139893,1.398228740228152,-30.154892999999902,2026-03-26T10.03.50.2581867-LCTW01516-8374-DMT115-TTG624-DMTDUMMY.xml,2026-03-25T13.38.44.1119450-LCTW01516-8374-TFK659-TTG624-MFGM484CDTFK.xml
AANBD182TEC1,96.0,18.0,3346.916,96.51,19.3019,3378.399902,1.398228740228152,-31.483901999999944,2026-03-26T10.03.50.2581867-LCTW01516-8374-DMT115-TTG624-DMTDUMMY.xml,2026-03-25T13.38.44.1119450-LCTW01516-8374-TFK659-TTG624-MFGM484CDTFK.xml
AANBD182TEC1,72.0,-69.0,3350.829,71.2039,-69.2075,3381.26001,0.8226976722952309,-30.431009999999787,2026-03-26T10.03.50.2581867-LCTW01516-8374-DMT115-TTG624-DMTDUMMY.xml,2026-03-25T13.38.44.1119450-LCTW01516-8374-TFK659-TTG624-MFGM484CDTFK.xml
AANBD182TEC1,-96.0,-57.0,3346.847,-96.51,-57.9062,3377.550049,1.0398550091238692,-30.703048999999737,2026-03-26T10.03.50.2581867-LCTW01516-8374-DMT115-TTG624-DMTDUMMY.xml,2026-03-25T13.38.44.1119450-LCTW01516-8374-TFK659-TTG624-MFGM484CDTFK.xml
AANBD182TEC1,-57.0,-96.0,3350.247,-57.9062,-96.51,3377.889893,1.0398550091238692,-27.642893000000186,2026-03-26T10.03.50.2581867-LCTW01516-8374-DMT115-TTG624-DMTDUMMY.xml,2026-03-25T13.38.44.1119450-LCTW01516-8374-TFK659-TTG624-MFGM484CDTFK.xml
AANBD182TEC1,-57.0,96.0,3346.248,-57.9062,96.51,3377.389893,1.0398550091238692,-31.141892999999982,2026-03-26T10.03.50.2581867-LCTW01516-8374-DMT115-TTG624-DMTDUMMY.xml,2026-03-25T13.38.44.1119450-LCTW01516-8374-TFK659-TTG624-MFGM484CDTFK.xml
AANBD182TEC1,96.0,63.0,3345.807,94.9361,61.8829,3375.5,1.5426586206935122,-29.69300000000021,2026-03-26T10.03.50.2581867-LCTW01516-8374-DMT115-TTG624-DMTDUMMY.xml,2026-03-25T13.38.44.1119450-LCTW01516-8374-TFK659-TTG624-MFGM484CDTFK.xml
AANBD182TEC1,-120.0,-3.0,3344.528,-118.655,-3.6622,3375.110107,1.4991777212859043,-30.58210700000018,2026-03-26T10.03.50.2581867-LCTW01516-8374-DMT115-TTG624-DMTDUMMY.xml,2026-03-25T13.38.44.1119450-LCTW01516-8374-TFK659-TTG624-MFGM484CDTFK.xml
AANBD182TEC1,0.0,126.0,3341.343,0.0067,127.428,3372.060059,1.4280157177006112,-30.717059000000063,2026-03-26T10.03.50.2581867-LCTW01516-8374-DMT115-TTG624-DMTDUMMY.xml,2026-03-25T13.38.44.1119450-LCTW01516-8374-TFK659-TTG624-MFGM484CDTFK.xml
AANBD182TEC1,0.0,-135.0,3341.226,0.0067,-134.7529999,3372.350098,0.24709095369926845,-31.124097999999776,2026-03-26T10.03.50.2581867-LCTW01516-8374-DMT115-TTG624-DMTDUMMY.xml,2026-03-25T13.38.44.1119450-LCTW01516-8374-TFK659-TTG624-MFGM484CDTFK.xml
AANBD182TEC1,-96.0,96.0,3339.61,-96.51,96.51,3365.949951,0.7212489168102857,-26.339950999999928,2026-03-26T10.03.50.2581867-LCTW01516-8374-DMT115-TTG624-DMTDUMMY.xml,2026-03-25T13.38.44.1119450-LCTW01516-8374-TFK659-TTG624-MFGM484CDTFK.xml
AANBD182TEC1,96.0,-96.0,3342.064,96.51,-96.51,3369.570068,0.7212489168102857,-27.50606800000014,2026-03-26T10.03.50.2581867-LCTW01516-8374-DMT115-TTG624-DMTDUMMY.xml,2026-03-25T13.38.44.1119450-LCTW01516-8374-TFK659-TTG624-MFGM484CDTFK.xml
AANBD182TEC1,135.0,18.0,3339.648,136.2,19.3019,3370.219971,1.7705771968485227,-30.57197099999985,2026-03-26T10.03.50.2581867-LCTW01516-8374-DMT115-TTG624-DMTDUMMY.xml,2026-03-25T13.38.44.1119450-LCTW01516-8374-TFK659-TTG624-MFGM484CDTFK.xml
AANBD182TEC1,72.0,126.0,3335.618,71.2039,127.428,3368.179932,1.6349187166339447,-32.56193200000007,2026-03-26T10.03.50.2581867-LCTW01516-8374-DMT115-TTG624-DMTDUMMY.xml,2026-03-25T13.38.44.1119450-LCTW01516-8374-TFK659-TTG624-MFGM484CDTFK.xml
AANBD182TEC1,141.0,-36.0,3340.974,142.401,-36.4348,3377.0,1.466919234313884,-36.02599999999984,2026-03-26T10.03.50.2581867-LCTW01516-8374-DMT115-TTG624-DMTDUMMY.xml,2026-03-25T13.38.44.1119450-LCTW01516-8374-TFK659-TTG624-MFGM484CDTFK.xml
AANBD182TEC1,-135.0,-57.0,3360.26,-136.2,-57.9062,3393.939941,1.503728180224062,-33.67994099999987,2026-03-26T10.03.50.2581867-LCTW01516-8374-DMT115-TTG624-DMTDUMMY.xml,2026-03-25T13.38.44.1119450-LCTW01516-8374-TFK659-TTG624-MFGM484CDTFK.xml
AANBD182TEC1,-135.0,57.0,3358.229,-136.2,57.9062,3396.649902,1.503728180224062,-38.4209020000003,2026-03-26T10.03.50.2581867-LCTW01516-8374-DMT115-TTG624-DMTDUMMY.xml,2026-03-25T13.38.44.1119450-LCTW01516-8374-TFK659-TTG624-MFGM484CDTFK.xml
AANBD182TEC1,-57.0,-135.0,3363.409,-57.9062,-136.2,3391.929932,1.503728180224062,-28.520931999999902,2026-03-26T10.03.50.2581867-LCTW01516-8374-DMT115-TTG624-DMTDUMMY.xml,2026-03-25T13.38.44.1119450-LCTW01516-8374-TFK659-TTG624-MFGM484CDTFK.xml
AANBD182TEC1,-57.0,135.0,3358.446,-57.9062,136.2,3395.790039,1.503728180224062,-37.344039000000066,2026-03-26T10.03.50.2581867-LCTW01516-8374-DMT115-TTG624-DMTDUMMY.xml,2026-03-25T13.38.44.1119450-LCTW01516-8374-TFK659-TTG624-MFGM484CDTFK.xml
AANBD182TEC1,57.0,-135.0,3364.179,57.9062,-136.2,3392.820068,1.503728180224062,-28.641067999999905,2026-03-26T10.03.50.2581867-LCTW01516-8374-DMT115-TTG624-DMTDUMMY.xml,2026-03-25T13.38.44.1119450-LCTW01516-8374-TFK659-TTG624-MFGM484CDTFK.xml
AANBD204TED2,0.0,0.0,3381.634,0.0067,-3.6622,3395.350098,3.6622061288245367,-13.716097999999874,2026-03-26T10.49.34.0629148-LCTW01516-8374-DMT115-TTG622-DMTDUMMY.xml,2026-03-25T22.50.03.1868498-LCTW01516-8374-TFK657-TTG622-MFGM484CDTFK.xml
AANBD204TED2,18.0,18.0,3366.751,19.3019,19.3019,3389.01001,1.8411646368535322,-22.259009999999762,2026-03-26T10.49.34.0629148-LCTW01516-8374-DMT115-TTG622-DMTDUMMY.xml,2026-03-25T22.50.03.1868498-LCTW01516-8374-TFK657-TTG622-MFGM484CDTFK.xml
AANBD204TED2,18.0,-21.0,3363.507,19.3019,-19.3019,3385.159912,2.1397399888771536,-21.652912000000015,2026-03-26T10.49.34.0629148-LCTW01516-8374-DMT115-TTG622-DMTDUMMY.xml,2026-03-25T22.50.03.1868498-LCTW01516-8374-TFK657-TTG622-MFGM484CDTFK.xml
AANBD204TED2,-48.0,-36.0,3357.571,-47.4578,-36.4348,3378.080078,0.6950049496226653,-20.509078000000045,2026-03-26T10.49.34.0629148-LCTW01516-8374-DMT115-TTG622-DMTDUMMY.xml,2026-03-25T22.50.03.1868498-LCTW01516-8374-TFK657-TTG622-MFGM484CDTFK.xml
AANBD204TED2,-57.0,18.0,3359.625,-57.9062,19.3019,3381.01001,1.5862351811758546,-21.385009999999966,2026-03-26T10.49.34.0629148-LCTW01516-8374-DMT115-TTG622-DMTDUMMY.xml,2026-03-25T22.50.03.1868498-LCTW01516-8374-TFK657-TTG622-MFGM484CDTFK.xml
AANBD204TED2,-18.0,-57.0,3358.688,-19.3019,-57.9062,3379.040039,1.5862351811758546,-20.352038999999877,2026-03-26T10.49.34.0629148-LCTW01516-8374-DMT115-TTG622-DMTDUMMY.xml,2026-03-25T22.50.03.1868498-LCTW01516-8374-TFK657-TTG622-MFGM484CDTFK.xml
AANBD204TED2,-18.0,57.0,3359.984,-19.3019,57.9062,3381.280029,1.5862351811758546,-21.29602900000009,2026-03-26T10.49.34.0629148-LCTW01516-8374-DMT115-TTG622-DMTDUMMY.xml,2026-03-25T22.50.03.1868498-LCTW01516-8374-TFK657-TTG622-MFGM484CDTFK.xml
AANBD204TED2,72.0,-3.0,3355.359,71.2039,-3.6622,3376.649902,1.035511491969062,-21.290902000000187,2026-03-26T10.49.34.0629148-LCTW01516-8374-DMT115-TTG622-DMTDUMMY.xml,2026-03-25T22.50.03.1868498-LCTW01516-8374-TFK657-TTG622-MFGM484CDTFK.xml
AANBD204TED2,57.0,57.0,3355.701,57.9062,57.9062,3377.790039,1.2815603302224963,-22.089038999999957,2026-03-26T10.49.34.0629148-LCTW01516-8374-DMT115-TTG622-DMTDUMMY.xml,2026-03-25T22.50.03.1868498-LCTW01516-8374-TFK657-TTG622-MFGM484CDTFK.xml
AANBD204TED2,-72.0,63.0,3355.561,-71.1902,61.8829,3376.830078,1.37974216794298,-21.26907799999981,2026-03-26T10.49.34.0629148-LCTW01516-8374-DMT115-TTG622-DMTDUMMY.xml,2026-03-25T22.50.03.1868498-LCTW01516-8374-TFK657-TTG622-MFGM484CDTFK.xml
AANBD204TED2,18.0,-96.0,3352.938,19.3019,-96.51,3374.629883,1.398228740228152,-21.69188299999996,2026-03-26T10.49.34.0629148-LCTW01516-8374-DMT115-TTG622-DMTDUMMY.xml,2026-03-25T22.50.03.1868498-LCTW01516-8374-TFK657-TTG622-MFGM484CDTFK.xml
AANBD204TED2,18.0,96.0,3356.434,19.3019,96.51,3377.810059,1.398228740228152,-21.376058999999714,2026-03-26T10.49.34.0629148-LCTW01516-8374-DMT115-TTG622-DMTDUMMY.xml,2026-03-25T22.50.03.1868498-LCTW01516-8374-TFK657-TTG622-MFGM484CDTFK.xml
AANBD204TED2,96.0,18.0,3354.984,96.51,19.3019,3376.47998,1.398228740228152,-21.495980000000145,2026-03-26T10.49.34.0629148-LCTW01516-8374-DMT115-TTG622-DMTDUMMY.xml,2026-03-25T22.50.03.1868498-LCTW01516-8374-TFK657-TTG622-MFGM484CDTFK.xml
AANBD204TED2,72.0,-69.0,3354.933,71.2039,-69.2075,3374.98999,0.8226976722952309,-20.05699000000004,2026-03-26T10.49.34.0629148-LCTW01516-8374-DMT115-TTG622-DMTDUMMY.xml,2026-03-25T22.50.03.1868498-LCTW01516-8374-TFK657-TTG622-MFGM484CDTFK.xml
AANBD204TED2,-96.0,-57.0,3350.464,-96.51,-57.9062,3373.75,1.0398550091238692,-23.286000000000058,2026-03-26T10.49.34.0629148-LCTW01516-8374-DMT115-TTG622-DMTDUMMY.xml,2026-03-25T22.50.03.1868498-LCTW01516-8374-TFK657-TTG622-MFGM484CDTFK.xml
AANBD204TED2,-57.0,-96.0,3349.828,-57.9062,-96.51,3373.530029,1.0398550091238692,-23.70202900000004,2026-03-26T10.49.34.0629148-LCTW01516-8374-DMT115-TTG622-DMTDUMMY.xml,2026-03-25T22.50.03.1868498-LCTW01516-8374-TFK657-TTG622-MFGM484CDTFK.xml
AANBD204TED2,-57.0,96.0,3353.608,-57.9062,96.51,3374.139893,1.0398550091238692,-20.531892999999855,2026-03-26T10.49.34.0629148-LCTW01516-8374-DMT115-TTG622-DMTDUMMY.xml,2026-03-25T22.50.03.1868498-LCTW01516-8374-TFK657-TTG622-MFGM484CDTFK.xml
AANBD204TED2,96.0,63.0,3353.061,94.9361,61.8829,3376.709961,1.5426586206935122,-23.648960999999872,2026-03-26T10.49.34.0629148-LCTW01516-8374-DMT115-TTG622-DMTDUMMY.xml,2026-03-25T22.50.03.1868498-LCTW01516-8374-TFK657-TTG622-MFGM484CDTFK.xml
AANBD204TED2,-120.0,-3.0,3352.49,-118.655,-3.6622,3372.600098,1.4991777212859043,-20.110098000000107,2026-03-26T10.49.34.0629148-LCTW01516-8374-DMT115-TTG622-DMTDUMMY.xml,2026-03-25T22.50.03.1868498-LCTW01516-8374-TFK657-TTG622-MFGM484CDTFK.xml
AANBD204TED2,0.0,126.0,3353.4,0.0067,127.428,3372.800049,1.4280157177006112,-19.400048999999854,2026-03-26T10.49.34.0629148-LCTW01516-8374-DMT115-TTG622-DMTDUMMY.xml,2026-03-25T22.50.03.1868498-LCTW01516-8374-TFK657-TTG622-MFGM484CDTFK.xml
AANBD204TED2,0.0,-135.0,3344.307,0.0067,-134.7529999,3368.120117,0.24709095369926845,-23.813117000000148,2026-03-26T10.49.34.0629148-LCTW01516-8374-DMT115-TTG622-DMTDUMMY.xml,2026-03-25T22.50.03.1868498-LCTW01516-8374-TFK657-TTG622-MFGM484CDTFK.xml
AANBD204TED2,-96.0,96.0,3346.657,-96.51,96.51,3369.72998,0.7212489168102857,-23.072979999999916,2026-03-26T10.49.34.0629148-LCTW01516-8374-DMT115-TTG622-DMTDUMMY.xml,2026-03-25T22.50.03.1868498-LCTW01516-8374-TFK657-TTG622-MFGM484CDTFK.xml
AANBD204TED2,96.0,-96.0,3347.702,96.51,-96.51,3368.159912,0.7212489168102857,-20.45791199999985,2026-03-26T10.49.34.0629148-LCTW01516-8374-DMT115-TTG622-DMTDUMMY.xml,2026-03-25T22.50.03.1868498-LCTW01516-8374-TFK657-TTG622-MFGM484CDTFK.xml
AANBD204TED2,135.0,18.0,3347.224,136.2,19.3019,3368.070068,1.7705771968485227,-20.846067999999832,2026-03-26T10.49.34.0629148-LCTW01516-8374-DMT115-TTG622-DMTDUMMY.xml,2026-03-25T22.50.03.1868498-LCTW01516-8374-TFK657-TTG622-MFGM484CDTFK.xml
AANBD204TED2,72.0,126.0,3344.5,71.2039,127.428,3369.330078,1.6349187166339447,-24.830077999999958,2026-03-26T10.49.34.0629148-LCTW01516-8374-DMT115-TTG622-DMTDUMMY.xml,2026-03-25T22.50.03.1868498-LCTW01516-8374-TFK657-TTG622-MFGM484CDTFK.xml
AANBD204TED2,141.0,-36.0,3344.508,142.401,-36.4348,3369.25,1.466919234313884,-24.74200000000019,2026-03-26T10.49.34.0629148-LCTW01516-8374-DMT115-TTG622-DMTDUMMY.xml,2026-03-25T22.50.03.1868498-LCTW01516-8374-TFK657-TTG622-MFGM484CDTFK.xml
AANBD204TED2,-135.0,-57.0,3365.145,-136.2,-57.9062,3384.969971,1.503728180224062,-19.824971000000005,2026-03-26T10.49.34.0629148-LCTW01516-8374-DMT115-TTG622-DMTDUMMY.xml,2026-03-25T22.50.03.1868498-LCTW01516-8374-TFK657-TTG622-MFGM484CDTFK.xml
AANBD204TED2,-135.0,57.0,3366.155,-136.2,57.9062,3386.929932,1.503728180224062,-20.774931999999808,2026-03-26T10.49.34.0629148-LCTW01516-8374-DMT115-TTG622-DMTDUMMY.xml,2026-03-25T22.50.03.1868498-LCTW01516-8374-TFK657-TTG622-MFGM484CDTFK.xml
AANBD204TED2,-57.0,-135.0,3366.601,-57.9062,-136.2,3385.540039,1.503728180224062,-18.939038999999866,2026-03-26T10.49.34.0629148-LCTW01516-8374-DMT115-TTG622-DMTDUMMY.xml,2026-03-25T22.50.03.1868498-LCTW01516-8374-TFK657-TTG622-MFGM484CDTFK.xml
AANBD204TED2,-57.0,135.0,3367.49,-57.9062,136.2,3386.840088,1.503728180224062,-19.35008800000014,2026-03-26T10.49.34.0629148-LCTW01516-8374-DMT115-TTG622-DMTDUMMY.xml,2026-03-25T22.50.03.1868498-LCTW01516-8374-TFK657-TTG622-MFGM484CDTFK.xml
AANBD204TED2,57.0,-135.0,3363.497,57.9062,-136.2,3384.699951,1.503728180224062,-21.202951000000212,2026-03-26T10.49.34.0629148-LCTW01516-8374-DMT115-TTG622-DMTDUMMY.xml,2026-03-25T22.50.03.1868498-LCTW01516-8374-TFK657-TTG622-MFGM484CDTFK.xml
AANBD183TEG3,0.0,0.0,3368.54,0.0067,-3.6622,3391.570068,3.6622061288245367,-23.03006800000003,2026-03-26T10.49.34.0629148-LCTW01516-8374-DMT115-TTG622-DMTDUMMY.xml,2026-03-25T22.50.03.1868498-LCTW01516-8374-TFK657-TTG622-MFGM484CDTFK.xml
AANBD183TEG3,18.0,18.0,3368.641,19.3019,19.3019,3390.620117,1.8411646368535322,-21.97911699999986,2026-03-26T10.49.34.0629148-LCTW01516-8374-DMT115-TTG622-DMTDUMMY.xml,2026-03-25T22.50.03.1868498-LCTW01516-8374-TFK657-TTG622-MFGM484CDTFK.xml
AANBD183TEG3,18.0,-21.0,3364.641,19.3019,-19.3019,3388.5,2.1397399888771536,-23.858999999999924,2026-03-26T10.49.34.0629148-LCTW01516-8374-DMT115-TTG622-DMTDUMMY.xml,2026-03-25T22.50.03.1868498-LCTW01516-8374-TFK657-TTG622-MFGM484CDTFK.xml
AANBD183TEG3,-48.0,-36.0,3360.809,-47.4578,-36.4348,3383.899902,0.6950049496226653,-23.090901999999915,2026-03-26T10.49.34.0629148-LCTW01516-8374-DMT115-TTG622-DMTDUMMY.xml,2026-03-25T22.50.03.1868498-LCTW01516-8374-TFK657-TTG622-MFGM484CDTFK.xml
AANBD183TEG3,-57.0,18.0,3362.605,-57.9062,19.3019,3385.870117,1.5862351811758546,-23.26511699999992,2026-03-26T10.49.34.0629148-LCTW01516-8374-DMT115-TTG622-DMTDUMMY.xml,2026-03-25T22.50.03.1868498-LCTW01516-8374-TFK657-TTG622-MFGM484CDTFK.xml
AANBD183TEG3,-18.0,-57.0,3360.412,-19.3019,-57.9062,3382.060059,1.5862351811758546,-21.648059000000103,2026-03-26T10.49.34.0629148-LCTW01516-8374-DMT115-TTG622-DMTDUMMY.xml,2026-03-25T22.50.03.1868498-LCTW01516-8374-TFK657-TTG622-MFGM484CDTFK.xml
AANBD183TEG3,-18.0,57.0,3362.343,-19.3019,57.9062,3385.290039,1.5862351811758546,-22.94703900000013,2026-03-26T10.49.34.0629148-LCTW01516-8374-DMT115-TTG622-DMTDUMMY.xml,2026-03-25T22.50.03.1868498-LCTW01516-8374-TFK657-TTG622-MFGM484CDTFK.xml
AANBD183TEG3,72.0,-3.0,3356.669,71.2039,-3.6622,3380.01001,1.035511491969062,-23.341010000000097,2026-03-26T10.49.34.0629148-LCTW01516-8374-DMT115-TTG622-DMTDUMMY.xml,2026-03-25T22.50.03.1868498-LCTW01516-8374-TFK657-TTG622-MFGM484CDTFK.xml
AANBD183TEG3,57.0,57.0,3359.072,57.9062,57.9062,3380.070068,1.2815603302224963,-20.998067999999876,2026-03-26T10.49.34.0629148-LCTW01516-8374-DMT115-TTG622-DMTDUMMY.xml,2026-03-25T22.50.03.1868498-LCTW01516-8374-TFK657-TTG622-MFGM484CDTFK.xml
AANBD183TEG3,-72.0,63.0,3358.472,-71.1902,61.8829,3379.219971,1.37974216794298,-20.74797099999978,2026-03-26T10.49.34.0629148-LCTW01516-8374-DMT115-TTG622-DMTDUMMY.xml,2026-03-25T22.50.03.1868498-LCTW01516-8374-TFK657-TTG622-MFGM484CDTFK.xml
AANBD183TEG3,18.0,-96.0,3356.477,19.3019,-96.51,3375.47998,1.398228740228152,-19.002980000000207,2026-03-26T10.49.34.0629148-LCTW01516-8374-DMT115-TTG622-DMTDUMMY.xml,2026-03-25T22.50.03.1868498-LCTW01516-8374-TFK657-TTG622-MFGM484CDTFK.xml
AANBD183TEG3,18.0,96.0,3360.293,19.3019,96.51,3379.870117,1.398228740228152,-19.577116999999816,2026-03-26T10.49.34.0629148-LCTW01516-8374-DMT115-TTG622-DMTDUMMY.xml,2026-03-25T22.50.03.1868498-LCTW01516-8374-TFK657-TTG622-MFGM484CDTFK.xml
AANBD183TEG3,96.0,18.0,3355.474,96.51,19.3019,3378.429932,1.398228740228152,-22.955931999999848,2026-03-26T10.49.34.0629148-LCTW01516-8374-DMT115-TTG622-DMTDUMMY.xml,2026-03-25T22.50.03.1868498-LCTW01516-8374-TFK657-TTG622-MFGM484CDTFK.xml
AANBD183TEG3,72.0,-69.0,3352.081,71.2039,-69.2075,3375.969971,0.8226976722952309,-23.888970999999856,2026-03-26T10.49.34.0629148-LCTW01516-8374-DMT115-TTG622-DMTDUMMY.xml,2026-03-25T22.50.03.1868498-LCTW01516-8374-TFK657-TTG622-MFGM484CDTFK.xml
AANBD183TEG3,-96.0,-57.0,3356.676,-96.51,-57.9062,3375.850098,1.0398550091238692,-19.174097999999958,2026-03-26T10.49.34.0629148-LCTW01516-8374-DMT115-TTG622-DMTDUMMY.xml,2026-03-25T22.50.03.1868498-LCTW01516-8374-TFK657-TTG622-MFGM484CDTFK.xml
AANBD183TEG3,-57.0,-96.0,3354.996,-57.9062,-96.51,3375.310059,1.0398550091238692,-20.314058999999816,2026-03-26T10.49.34.0629148-LCTW01516-8374-DMT115-TTG622-DMTDUMMY.xml,2026-03-25T22.50.03.1868498-LCTW01516-8374-TFK657-TTG622-MFGM484CDTFK.xml
AANBD183TEG3,-57.0,96.0,3356.491,-57.9062,96.51,3378.209961,1.0398550091238692,-21.718961000000036,2026-03-26T10.49.34.0629148-LCTW01516-8374-DMT115-TTG622-DMTDUMMY.xml,2026-03-25T22.50.03.1868498-LCTW01516-8374-TFK657-TTG622-MFGM484CDTFK.xml
AANBD183TEG3,96.0,63.0,3353.694,94.9361,61.8829,3375.169922,1.5426586206935122,-21.475922000000082,2026-03-26T10.49.34.0629148-LCTW01516-8374-DMT115-TTG622-DMTDUMMY.xml,2026-03-25T22.50.03.1868498-LCTW01516-8374-TFK657-TTG622-MFGM484CDTFK.xml
AANBD183TEG3,-120.0,-3.0,3354.822,-118.655,-3.6622,3374.850098,1.4991777212859043,-20.028097999999773,2026-03-26T10.49.34.0629148-LCTW01516-8374-DMT115-TTG622-DMTDUMMY.xml,2026-03-25T22.50.03.1868498-LCTW01516-8374-TFK657-TTG622-MFGM484CDTFK.xml
AANBD183TEG3,0.0,126.0,3354.402,0.0067,127.428,3375.399902,1.4280157177006112,-20.997902000000067,2026-03-26T10.49.34.0629148-LCTW01516-8374-DMT115-TTG622-DMTDUMMY.xml,2026-03-25T22.50.03.1868498-LCTW01516-8374-TFK657-TTG622-MFGM484CDTFK.xml
AANBD183TEG3,0.0,-135.0,3345.674,0.0067,-134.7529999,3366.77002,0.24709095369926845,-21.096019999999953,2026-03-26T10.49.34.0629148-LCTW01516-8374-DMT115-TTG622-DMTDUMMY.xml,2026-03-25T22.50.03.1868498-LCTW01516-8374-TFK657-TTG622-MFGM484CDTFK.xml
AANBD183TEG3,-96.0,96.0,3351.737,-96.51,96.51,3373.030029,0.7212489168102857,-21.293028999999933,2026-03-26T10.49.34.0629148-LCTW01516-8374-DMT115-TTG622-DMTDUMMY.xml,2026-03-25T22.50.03.1868498-LCTW01516-8374-TFK657-TTG622-MFGM484CDTFK.xml
AANBD183TEG3,96.0,-96.0,3345.231,96.51,-96.51,3367.179932,0.7212489168102857,-21.948931999999786,2026-03-26T10.49.34.0629148-LCTW01516-8374-DMT115-TTG622-DMTDUMMY.xml,2026-03-25T22.50.03.1868498-LCTW01516-8374-TFK657-TTG622-MFGM484CDTFK.xml
AANBD183TEG3,135.0,18.0,3345.819,136.2,19.3019,3366.72998,1.7705771968485227,-20.91098000000011,2026-03-26T10.49.34.0629148-LCTW01516-8374-DMT115-TTG622-DMTDUMMY.xml,2026-03-25T22.50.03.1868498-LCTW01516-8374-TFK657-TTG622-MFGM484CDTFK.xml
AANBD183TEG3,72.0,126.0,3345.673,71.2039,127.428,3367.090088,1.6349187166339447,-21.41708800000015,2026-03-26T10.49.34.0629148-LCTW01516-8374-DMT115-TTG622-DMTDUMMY.xml,2026-03-25T22.50.03.1868498-LCTW01516-8374-TFK657-TTG622-MFGM484CDTFK.xml
AANBD183TEG3,141.0,-36.0,3345.715,142.401,-36.4348,3371.199951,1.466919234313884,-25.48495099999991,2026-03-26T10.49.34.0629148-LCTW01516-8374-DMT115-TTG622-DMTDUMMY.xml,2026-03-25T22.50.03.1868498-LCTW01516-8374-TFK657-TTG622-MFGM484CDTFK.xml
AANBD183TEG3,-135.0,-57.0,3366.743,-136.2,-57.9062,3389.080078,1.503728180224062,-22.33707800000002,2026-03-26T10.49.34.0629148-LCTW01516-8374-DMT115-TTG622-DMTDUMMY.xml,2026-03-25T22.50.03.1868498-LCTW01516-8374-TFK657-TTG622-MFGM484CDTFK.xml
AANBD183TEG3,-135.0,57.0,3366.763,-136.2,57.9062,3389.780029,1.503728180224062,-23.017029000000093,2026-03-26T10.49.34.0629148-LCTW01516-8374-DMT115-TTG622-DMTDUMMY.xml,2026-03-25T22.50.03.1868498-LCTW01516-8374-TFK657-TTG622-MFGM484CDTFK.xml
AANBD183TEG3,-57.0,-135.0,3367.228,-57.9062,-136.2,3389.610107,1.503728180224062,-22.382106999999905,2026-03-26T10.49.34.0629148-LCTW01516-8374-DMT115-TTG622-DMTDUMMY.xml,2026-03-25T22.50.03.1868498-LCTW01516-8374-TFK657-TTG622-MFGM484CDTFK.xml
AANBD183TEG3,-57.0,135.0,3367.346,-57.9062,136.2,3388.149902,1.503728180224062,-20.803902000000107,2026-03-26T10.49.34.0629148-LCTW01516-8374-DMT115-TTG622-DMTDUMMY.xml,2026-03-25T22.50.03.1868498-LCTW01516-8374-TFK657-TTG622-MFGM484CDTFK.xml
AANBD183TEG3,57.0,-135.0,3369.933,57.9062,-136.2,3389.620117,1.503728180224062,-19.687116999999944,2026-03-26T10.49.34.0629148-LCTW01516-8374-DMT115-TTG622-DMTDUMMY.xml,2026-03-25T22.50.03.1868498-LCTW01516-8374-TFK657-TTG622-MFGM484CDTFK.xml
AANBD252TEC4,0.0,0.0,3380.13,0.0067,-3.6622,3397.179932,3.6622061288245367,-17.0499319999999,2026-03-26T10.49.34.0629148-LCTW01516-8374-DMT115-TTG622-DMTDUMMY.xml,2026-03-25T22.50.03.1868498-LCTW01516-8374-TFK657-TTG622-MFGM484CDTFK.xml
AANBD252TEC4,18.0,18.0,3364.399,19.3019,19.3019,3385.669922,1.8411646368535322,-21.270922000000155,2026-03-26T10.49.34.0629148-LCTW01516-8374-DMT115-TTG622-DMTDUMMY.xml,2026-03-25T22.50.03.1868498-LCTW01516-8374-TFK657-TTG622-MFGM484CDTFK.xml
AANBD252TEC4,18.0,-21.0,3364.004,19.3019,-19.3019,3385.169922,2.1397399888771536,-21.165922000000137,2026-03-26T10.49.34.0629148-LCTW01516-8374-DMT115-TTG622-DMTDUMMY.xml,2026-03-25T22.50.03.1868498-LCTW01516-8374-TFK657-TTG622-MFGM484CDTFK.xml
AANBD252TEC4,-48.0,-36.0,3358.225,-47.4578,-36.4348,3380.439941,0.6950049496226653,-22.21494100000018,2026-03-26T10.49.34.0629148-LCTW01516-8374-DMT115-TTG622-DMTDUMMY.xml,2026-03-25T22.50.03.1868498-LCTW01516-8374-TFK657-TTG622-MFGM484CDTFK.xml
AANBD252TEC4,-57.0,18.0,3358.428,-57.9062,19.3019,3380.409912,1.5862351811758546,-21.981912000000193,2026-03-26T10.49.34.0629148-LCTW01516-8374-DMT115-TTG622-DMTDUMMY.xml,2026-03-25T22.50.03.1868498-LCTW01516-8374-TFK657-TTG622-MFGM484CDTFK.xml
AANBD252TEC4,-18.0,-57.0,3358.709,-19.3019,-57.9062,3379.350098,1.5862351811758546,-20.641098000000056,2026-03-26T10.49.34.0629148-LCTW01516-8374-DMT115-TTG622-DMTDUMMY.xml,2026-03-25T22.50.03.1868498-LCTW01516-8374-TFK657-TTG622-MFGM484CDTFK.xml
AANBD252TEC4,-18.0,57.0,3358.775,-19.3019,57.9062,3381.719971,1.5862351811758546,-22.944970999999896,2026-03-26T10.49.34.0629148-LCTW01516-8374-DMT115-TTG622-DMTDUMMY.xml,2026-03-25T22.50.03.1868498-LCTW01516-8374-TFK657-TTG622-MFGM484CDTFK.xml
AANBD252TEC4,72.0,-3.0,3356.663,71.2039,-3.6622,3376.22998,1.035511491969062,-19.566980000000058,2026-03-26T10.49.34.0629148-LCTW01516-8374-DMT115-TTG622-DMTDUMMY.xml,2026-03-25T22.50.03.1868498-LCTW01516-8374-TFK657-TTG622-MFGM484CDTFK.xml
AANBD252TEC4,57.0,57.0,3356.06,57.9062,57.9062,3377.929932,1.2815603302224963,-21.869932000000063,2026-03-26T10.49.34.0629148-LCTW01516-8374-DMT115-TTG622-DMTDUMMY.xml,2026-03-25T22.50.03.1868498-LCTW01516-8374-TFK657-TTG622-MFGM484CDTFK.xml
AANBD252TEC4,-72.0,63.0,3355.764,-71.1902,61.8829,3376.080078,1.37974216794298,-20.316077999999834,2026-03-26T10.49.34.0629148-LCTW01516-8374-DMT115-TTG622-DMTDUMMY.xml,2026-03-25T22.50.03.1868498-LCTW01516-8374-TFK657-TTG622-MFGM484CDTFK.xml
AANBD252TEC4,18.0,-96.0,3350.776,19.3019,-96.51,3373.330078,1.398228740228152,-22.554078000000118,2026-03-26T10.49.34.0629148-LCTW01516-8374-DMT115-TTG622-DMTDUMMY.xml,2026-03-25T22.50.03.1868498-LCTW01516-8374-TFK657-TTG622-MFGM484CDTFK.xml
AANBD252TEC4,18.0,96.0,3357.625,19.3019,96.51,3380.120117,1.398228740228152,-22.495116999999937,2026-03-26T10.49.34.0629148-LCTW01516-8374-DMT115-TTG622-DMTDUMMY.xml,2026-03-25T22.50.03.1868498-LCTW01516-8374-TFK657-TTG622-MFGM484CDTFK.xml
AANBD252TEC4,96.0,18.0,3355.158,96.51,19.3019,3374.75,1.398228740228152,-19.5920000000001,2026-03-26T10.49.34.0629148-LCTW01516-8374-DMT115-TTG622-DMTDUMMY.xml,2026-03-25T22.50.03.1868498-LCTW01516-8374-TFK657-TTG622-MFGM484CDTFK.xml
AANBD252TEC4,72.0,-69.0,3352.492,71.2039,-69.2075,3374.110107,0.8226976722952309,-21.61810699999978,2026-03-26T10.49.34.0629148-LCTW01516-8374-DMT115-TTG622-DMTDUMMY.xml,2026-03-25T22.50.03.1868498-LCTW01516-8374-TFK657-TTG622-MFGM484CDTFK.xml
AANBD252TEC4,-96.0,-57.0,3351.133,-96.51,-57.9062,3372.469971,1.0398550091238692,-21.336971000000176,2026-03-26T10.49.34.0629148-LCTW01516-8374-DMT115-TTG622-DMTDUMMY.xml,2026-03-25T22.50.03.1868498-LCTW01516-8374-TFK657-TTG622-MFGM484CDTFK.xml
AANBD252TEC4,-57.0,-96.0,3350.814,-57.9062,-96.51,3370.98999,1.0398550091238692,-20.175990000000183,2026-03-26T10.49.34.0629148-LCTW01516-8374-DMT115-TTG622-DMTDUMMY.xml,2026-03-25T22.50.03.1868498-LCTW01516-8374-TFK657-TTG622-MFGM484CDTFK.xml
AANBD252TEC4,-57.0,96.0,3353.109,-57.9062,96.51,3375.189941,1.0398550091238692,-22.080941000000166,2026-03-26T10.49.34.0629148-LCTW01516-8374-DMT115-TTG622-DMTDUMMY.xml,2026-03-25T22.50.03.1868498-LCTW01516-8374-TFK657-TTG622-MFGM484CDTFK.xml
AANBD252TEC4,96.0,63.0,3352.814,94.9361,61.8829,3373.75,1.5426586206935122,-20.93600000000015,2026-03-26T10.49.34.0629148-LCTW01516-8374-DMT115-TTG622-DMTDUMMY.xml,2026-03-25T22.50.03.1868498-LCTW01516-8374-TFK657-TTG622-MFGM484CDTFK.xml
AANBD252TEC4,-120.0,-3.0,3348.65,-118.655,-3.6622,3371.75,1.4991777212859043,-23.09999999999991,2026-03-26T10.49.34.0629148-LCTW01516-8374-DMT115-TTG622-DMTDUMMY.xml,2026-03-25T22.50.03.1868498-LCTW01516-8374-TFK657-TTG622-MFGM484CDTFK.xml
AANBD252TEC4,0.0,126.0,3349.431,0.0067,127.428,3371.050049,1.4280157177006112,-21.619048999999904,2026-03-26T10.49.34.0629148-LCTW01516-8374-DMT115-TTG622-DMTDUMMY.xml,2026-03-25T22.50.03.1868498-LCTW01516-8374-TFK657-TTG622-MFGM484CDTFK.xml
AANBD252TEC4,0.0,-135.0,3344.452,0.0067,-134.7529999,3366.580078,0.24709095369926845,-22.128077999999732,2026-03-26T10.49.34.0629148-LCTW01516-8374-DMT115-TTG622-DMTDUMMY.xml,2026-03-25T22.50.03.1868498-LCTW01516-8374-TFK657-TTG622-MFGM484CDTFK.xml
AANBD252TEC4,-96.0,96.0,3345.748,-96.51,96.51,3368.300049,0.7212489168102857,-22.552048999999897,2026-03-26T10.49.34.0629148-LCTW01516-8374-DMT115-TTG622-DMTDUMMY.xml,2026-03-25T22.50.03.1868498-LCTW01516-8374-TFK657-TTG622-MFGM484CDTFK.xml
AANBD252TEC4,96.0,-96.0,3344.354,96.51,-96.51,3365.090088,0.7212489168102857,-20.73608800000011,2026-03-26T10.49.34.0629148-LCTW01516-8374-DMT115-TTG622-DMTDUMMY.xml,2026-03-25T22.50.03.1868498-LCTW01516-8374-TFK657-TTG622-MFGM484CDTFK.xml
AANBD252TEC4,135.0,18.0,3344.437,136.2,19.3019,3366.540039,1.7705771968485227,-22.10303900000008,2026-03-26T10.49.34.0629148-LCTW01516-8374-DMT115-TTG622-DMTDUMMY.xml,2026-03-25T22.50.03.1868498-LCTW01516-8374-TFK657-TTG622-MFGM484CDTFK.xml
AANBD252TEC4,72.0,126.0,3342.863,71.2039,127.428,3367.280029,1.6349187166339447,-24.417029000000184,2026-03-26T10.49.34.0629148-LCTW01516-8374-DMT115-TTG622-DMTDUMMY.xml,2026-03-25T22.50.03.1868498-LCTW01516-8374-TFK657-TTG622-MFGM484CDTFK.xml
AANBD252TEC4,141.0,-36.0,3340.743,142.401,-36.4348,3368.620117,1.466919234313884,-27.877117,2026-03-26T10.49.34.0629148-LCTW01516-8374-DMT115-TTG622-DMTDUMMY.xml,2026-03-25T22.50.03.1868498-LCTW01516-8374-TFK657-TTG622-MFGM484CDTFK.xml
AANBD252TEC4,-135.0,-57.0,3364.9,-136.2,-57.9062,3383.47998,1.503728180224062,-18.579979999999978,2026-03-26T10.49.34.0629148-LCTW01516-8374-DMT115-TTG622-DMTDUMMY.xml,2026-03-25T22.50.03.1868498-LCTW01516-8374-TFK657-TTG622-MFGM484CDTFK.xml
AANBD252TEC4,-135.0,57.0,3362.794,-136.2,57.9062,3384.320068,1.503728180224062,-21.526068000000123,2026-03-26T10.49.34.0629148-LCTW01516-8374-DMT115-TTG622-DMTDUMMY.xml,2026-03-25T22.50.03.1868498-LCTW01516-8374-TFK657-TTG622-MFGM484CDTFK.xml
AANBD252TEC4,-57.0,-135.0,3361.388,-57.9062,-136.2,3386.790039,1.503728180224062,-25.40203900000006,2026-03-26T10.49.34.0629148-LCTW01516-8374-DMT115-TTG622-DMTDUMMY.xml,2026-03-25T22.50.03.1868498-LCTW01516-8374-TFK657-TTG622-MFGM484CDTFK.xml
AANBD252TEC4,-57.0,135.0,3366.108,-57.9062,136.2,3386.570068,1.503728180224062,-20.462067999999817,2026-03-26T10.49.34.0629148-LCTW01516-8374-DMT115-TTG622-DMTDUMMY.xml,2026-03-25T22.50.03.1868498-LCTW01516-8374-TFK657-TTG622-MFGM484CDTFK.xml
AANBD252TEC4,57.0,-135.0,3364.793,57.9062,-136.2,3383.48999,1.503728180224062,-18.696989999999914,2026-03-26T10.49.34.0629148-LCTW01516-8374-DMT115-TTG622-DMTDUMMY.xml,2026-03-25T22.50.03.1868498-LCTW01516-8374-TFK657-TTG622-MFGM484CDTFK.xml
AANBD160TEG6,0.0,0.0,3347.977,0.0067,-3.6622,3376.959961,3.6622061288245367,-28.98296100000016,2026-03-26T10.03.50.2581867-LCTW01516-8374-DMT115-TTG624-DMTDUMMY.xml,2026-03-25T13.38.44.1119450-LCTW01516-8374-TFK659-TTG624-MFGM484CDTFK.xml
AANBD160TEG6,18.0,18.0,3344.136,19.3019,19.3019,3375.23999,1.8411646368535322,-31.103990000000067,2026-03-26T10.03.50.2581867-LCTW01516-8374-DMT115-TTG624-DMTDUMMY.xml,2026-03-25T13.38.44.1119450-LCTW01516-8374-TFK659-TTG624-MFGM484CDTFK.xml
AANBD160TEG6,18.0,-21.0,3345.346,19.3019,-19.3019,3374.399902,2.1397399888771536,-29.053902000000107,2026-03-26T10.03.50.2581867-LCTW01516-8374-DMT115-TTG624-DMTDUMMY.xml,2026-03-25T13.38.44.1119450-LCTW01516-8374-TFK659-TTG624-MFGM484CDTFK.xml
AANBD160TEG6,-48.0,-36.0,3342.651,-47.4578,-36.4348,3369.639893,0.6950049496226653,-26.98889300000019,2026-03-26T10.03.50.2581867-LCTW01516-8374-DMT115-TTG624-DMTDUMMY.xml,2026-03-25T13.38.44.1119450-LCTW01516-8374-TFK659-TTG624-MFGM484CDTFK.xml
AANBD160TEG6,-57.0,18.0,3339.78,-57.9062,19.3019,3370.52002,1.5862351811758546,-30.74001999999973,2026-03-26T10.03.50.2581867-LCTW01516-8374-DMT115-TTG624-DMTDUMMY.xml,2026-03-25T13.38.44.1119450-LCTW01516-8374-TFK659-TTG624-MFGM484CDTFK.xml
AANBD160TEG6,-18.0,-57.0,3339.255,-19.3019,-57.9062,3367.850098,1.5862351811758546,-28.59509799999978,2026-03-26T10.03.50.2581867-LCTW01516-8374-DMT115-TTG624-DMTDUMMY.xml,2026-03-25T13.38.44.1119450-LCTW01516-8374-TFK659-TTG624-MFGM484CDTFK.xml
AANBD160TEG6,-18.0,57.0,3341.186,-19.3019,57.9062,3371.040039,1.5862351811758546,-29.85403899999983,2026-03-26T10.03.50.2581867-LCTW01516-8374-DMT115-TTG624-DMTDUMMY.xml,2026-03-25T13.38.44.1119450-LCTW01516-8374-TFK659-TTG624-MFGM484CDTFK.xml
AANBD160TEG6,72.0,-3.0,3339.267,71.2039,-3.6622,3365.429932,1.035511491969062,-26.162932000000183,2026-03-26T10.03.50.2581867-LCTW01516-8374-DMT115-TTG624-DMTDUMMY.xml,2026-03-25T13.38.44.1119450-LCTW01516-8374-TFK659-TTG624-MFGM484CDTFK.xml
AANBD160TEG6,57.0,57.0,3338.42,57.9062,57.9062,3368.060059,1.2815603302224963,-29.640058999999837,2026-03-26T10.03.50.2581867-LCTW01516-8374-DMT115-TTG624-DMTDUMMY.xml,2026-03-25T13.38.44.1119450-LCTW01516-8374-TFK659-TTG624-MFGM484CDTFK.xml
AANBD160TEG6,-72.0,63.0,3338.06,-71.1902,61.8829,3365.360107,1.37974216794298,-27.300107000000025,2026-03-26T10.03.50.2581867-LCTW01516-8374-DMT115-TTG624-DMTDUMMY.xml,2026-03-25T13.38.44.1119450-LCTW01516-8374-TFK659-TTG624-MFGM484CDTFK.xml
AANBD160TEG6,18.0,-96.0,3334.769,19.3019,-96.51,3363.669922,1.398228740228152,-28.900922000000264,2026-03-26T10.03.50.2581867-LCTW01516-8374-DMT115-TTG624-DMTDUMMY.xml,2026-03-25T13.38.44.1119450-LCTW01516-8374-TFK659-TTG624-MFGM484CDTFK.xml
AANBD160TEG6,18.0,96.0,3338.259,19.3019,96.51,3366.610107,1.398228740228152,-28.351106999999956,2026-03-26T10.03.50.2581867-LCTW01516-8374-DMT115-TTG624-DMTDUMMY.xml,2026-03-25T13.38.44.1119450-LCTW01516-8374-TFK659-TTG624-MFGM484CDTFK.xml
AANBD160TEG6,96.0,18.0,3336.236,96.51,19.3019,3365.090088,1.398228740228152,-28.854088000000047,2026-03-26T10.03.50.2581867-LCTW01516-8374-DMT115-TTG624-DMTDUMMY.xml,2026-03-25T13.38.44.1119450-LCTW01516-8374-TFK659-TTG624-MFGM484CDTFK.xml
AANBD160TEG6,72.0,-69.0,3334.274,71.2039,-69.2075,3361.5,0.8226976722952309,-27.226000000000113,2026-03-26T10.03.50.2581867-LCTW01516-8374-DMT115-TTG624-DMTDUMMY.xml,2026-03-25T13.38.44.1119450-LCTW01516-8374-TFK659-TTG624-MFGM484CDTFK.xml
AANBD160TEG6,-96.0,-57.0,3333.625,-96.51,-57.9062,3363.02002,1.0398550091238692,-29.39501999999993,2026-03-26T10.03.50.2581867-LCTW01516-8374-DMT115-TTG624-DMTDUMMY.xml,2026-03-25T13.38.44.1119450-LCTW01516-8374-TFK659-TTG624-MFGM484CDTFK.xml
AANBD160TEG6,-57.0,-96.0,3332.96,-57.9062,-96.51,3361.310059,1.0398550091238692,-28.350058999999874,2026-03-26T10.03.50.2581867-LCTW01516-8374-DMT115-TTG624-DMTDUMMY.xml,2026-03-25T13.38.44.1119450-LCTW01516-8374-TFK659-TTG624-MFGM484CDTFK.xml
AANBD160TEG6,-57.0,96.0,3334.162,-57.9062,96.51,3363.540039,1.0398550091238692,-29.37803900000017,2026-03-26T10.03.50.2581867-LCTW01516-8374-DMT115-TTG624-DMTDUMMY.xml,2026-03-25T13.38.44.1119450-LCTW01516-8374-TFK659-TTG624-MFGM484CDTFK.xml
AANBD160TEG6,96.0,63.0,3334.098,94.9361,61.8829,3362.929932,1.5426586206935122,-28.83193200000005,2026-03-26T10.03.50.2581867-LCTW01516-8374-DMT115-TTG624-DMTDUMMY.xml,2026-03-25T13.38.44.1119450-LCTW01516-8374-TFK659-TTG624-MFGM484CDTFK.xml
AANBD160TEG6,-120.0,-3.0,3330.758,-118.655,-3.6622,3361.360107,1.4991777212859043,-30.60210700000016,2026-03-26T10.03.50.2581867-LCTW01516-8374-DMT115-TTG624-DMTDUMMY.xml,2026-03-25T13.38.44.1119450-LCTW01516-8374-TFK659-TTG624-MFGM484CDTFK.xml
AANBD160TEG6,0.0,126.0,3332.701,0.0067,127.428,3361.540039,1.4280157177006112,-28.839038999999957,2026-03-26T10.03.50.2581867-LCTW01516-8374-DMT115-TTG624-DMTDUMMY.xml,2026-03-25T13.38.44.1119450-LCTW01516-8374-TFK659-TTG624-MFGM484CDTFK.xml
AANBD160TEG6,0.0,-135.0,3325.742,0.0067,-134.7529999,3356.639893,0.24709095369926845,-30.89789299999984,2026-03-26T10.03.50.2581867-LCTW01516-8374-DMT115-TTG624-DMTDUMMY.xml,2026-03-25T13.38.44.1119450-LCTW01516-8374-TFK659-TTG624-MFGM484CDTFK.xml
AANBD160TEG6,-96.0,96.0,3328.109,-96.51,96.51,3356.800049,0.7212489168102857,-28.69104900000002,2026-03-26T10.03.50.2581867-LCTW01516-8374-DMT115-TTG624-DMTDUMMY.xml,2026-03-25T13.38.44.1119450-LCTW01516-8374-TFK659-TTG624-MFGM484CDTFK.xml
AANBD160TEG6,96.0,-96.0,3325.734,96.51,-96.51,3353.840088,0.7212489168102857,-28.106088,2026-03-26T10.03.50.2581867-LCTW01516-8374-DMT115-TTG624-DMTDUMMY.xml,2026-03-25T13.38.44.1119450-LCTW01516-8374-TFK659-TTG624-MFGM484CDTFK.xml
AANBD160TEG6,135.0,18.0,3325.523,136.2,19.3019,3356.610107,1.7705771968485227,-31.087106999999833,2026-03-26T10.03.50.2581867-LCTW01516-8374-DMT115-TTG624-DMTDUMMY.xml,2026-03-25T13.38.44.1119450-LCTW01516-8374-TFK659-TTG624-MFGM484CDTFK.xml
AANBD160TEG6,72.0,126.0,3324.679,71.2039,127.428,3355.48999,1.6349187166339447,-30.810989999999947,2026-03-26T10.03.50.2581867-LCTW01516-8374-DMT115-TTG624-DMTDUMMY.xml,2026-03-25T13.38.44.1119450-LCTW01516-8374-TFK659-TTG624-MFGM484CDTFK.xml
AANBD160TEG6,141.0,-36.0,3328.214,142.401,-36.4348,3363.320068,1.466919234313884,-35.10606800000005,2026-03-26T10.03.50.2581867-LCTW01516-8374-DMT115-TTG624-DMTDUMMY.xml,2026-03-25T13.38.44.1119450-LCTW01516-8374-TFK659-TTG624-MFGM484CDTFK.xml
AANBD160TEG6,-135.0,-57.0,3343.637,-136.2,-57.9062,3380.300049,1.503728180224062,-36.66304899999977,2026-03-26T10.03.50.2581867-LCTW01516-8374-DMT115-TTG624-DMTDUMMY.xml,2026-03-25T13.38.44.1119450-LCTW01516-8374-TFK659-TTG624-MFGM484CDTFK.xml
AANBD160TEG6,-135.0,57.0,3347.326,-136.2,57.9062,3384.379883,1.503728180224062,-37.05388300000004,2026-03-26T10.03.50.2581867-LCTW01516-8374-DMT115-TTG624-DMTDUMMY.xml,2026-03-25T13.38.44.1119450-LCTW01516-8374-TFK659-TTG624-MFGM484CDTFK.xml
AANBD160TEG6,-57.0,-135.0,3349.739,-57.9062,-136.2,3378.879883,1.503728180224062,-29.14088300000003,2026-03-26T10.03.50.2581867-LCTW01516-8374-DMT115-TTG624-DMTDUMMY.xml,2026-03-25T13.38.44.1119450-LCTW01516-8374-TFK659-TTG624-MFGM484CDTFK.xml
AANBD160TEG6,-57.0,135.0,3349.083,-57.9062,136.2,3381.620117,1.503728180224062,-32.53711699999985,2026-03-26T10.03.50.2581867-LCTW01516-8374-DMT115-TTG624-DMTDUMMY.xml,2026-03-25T13.38.44.1119450-LCTW01516-8374-TFK659-TTG624-MFGM484CDTFK.xml
AANBD160TEG6,57.0,-135.0,3349.979,57.9062,-136.2,3378.189941,1.503728180224062,-28.210941000000275,2026-03-26T10.03.50.2581867-LCTW01516-8374-DMT115-TTG624-DMTDUMMY.xml,2026-03-25T13.38.44.1119450-LCTW01516-8374-TFK659-TTG624-MFGM484CDTFK.xml
AANBD159TED5,0.0,0.0,3349.712,0.0067,-3.6622,3376.919922,3.6622061288245367,-27.207922000000053,2026-03-26T10.03.50.2581867-LCTW01516-8374-DMT115-TTG624-DMTDUMMY.xml,2026-03-25T13.38.44.1119450-LCTW01516-8374-TFK659-TTG624-MFGM484CDTFK.xml
AANBD159TED5,18.0,18.0,3344.474,19.3019,19.3019,3373.689941,1.8411646368535322,-29.21594099999993,2026-03-26T10.03.50.2581867-LCTW01516-8374-DMT115-TTG624-DMTDUMMY.xml,2026-03-25T13.38.44.1119450-LCTW01516-8374-TFK659-TTG624-MFGM484CDTFK.xml
AANBD159TED5,18.0,-21.0,3343.217,19.3019,-19.3019,3374.060059,2.1397399888771536,-30.843058999999812,2026-03-26T10.03.50.2581867-LCTW01516-8374-DMT115-TTG624-DMTDUMMY.xml,2026-03-25T13.38.44.1119450-LCTW01516-8374-TFK659-TTG624-MFGM484CDTFK.xml
AANBD159TED5,-48.0,-36.0,3340.395,-47.4578,-36.4348,3370.169922,0.6950049496226653,-29.77492200000006,2026-03-26T10.03.50.2581867-LCTW01516-8374-DMT115-TTG624-DMTDUMMY.xml,2026-03-25T13.38.44.1119450-LCTW01516-8374-TFK659-TTG624-MFGM484CDTFK.xml
AANBD159TED5,-57.0,18.0,3339.099,-57.9062,19.3019,3367.189941,1.5862351811758546,-28.09094099999993,2026-03-26T10.03.50.2581867-LCTW01516-8374-DMT115-TTG624-DMTDUMMY.xml,2026-03-25T13.38.44.1119450-LCTW01516-8374-TFK659-TTG624-MFGM484CDTFK.xml
AANBD159TED5,-18.0,-57.0,3336.877,-19.3019,-57.9062,3368.379883,1.5862351811758546,-31.50288300000011,2026-03-26T10.03.50.2581867-LCTW01516-8374-DMT115-TTG624-DMTDUMMY.xml,2026-03-25T13.38.44.1119450-LCTW01516-8374-TFK659-TTG624-MFGM484CDTFK.xml
AANBD159TED5,-18.0,57.0,3339.354,-19.3019,57.9062,3370.149902,1.5862351811758546,-30.795902000000297,2026-03-26T10.03.50.2581867-LCTW01516-8374-DMT115-TTG624-DMTDUMMY.xml,2026-03-25T13.38.44.1119450-LCTW01516-8374-TFK659-TTG624-MFGM484CDTFK.xml
AANBD159TED5,72.0,-3.0,3338.998,71.2039,-3.6622,3366.840088,1.035511491969062,-27.842087999999876,2026-03-26T10.03.50.2581867-LCTW01516-8374-DMT115-TTG624-DMTDUMMY.xml,2026-03-25T13.38.44.1119450-LCTW01516-8374-TFK659-TTG624-MFGM484CDTFK.xml
AANBD159TED5,57.0,57.0,3336.68,57.9062,57.9062,3365.949951,1.2815603302224963,-29.26995100000022,2026-03-26T10.03.50.2581867-LCTW01516-8374-DMT115-TTG624-DMTDUMMY.xml,2026-03-25T13.38.44.1119450-LCTW01516-8374-TFK659-TTG624-MFGM484CDTFK.xml
AANBD159TED5,-72.0,63.0,3334.428,-71.1902,61.8829,3363.5,1.37974216794298,-29.072000000000116,2026-03-26T10.03.50.2581867-LCTW01516-8374-DMT115-TTG624-DMTDUMMY.xml,2026-03-25T13.38.44.1119450-LCTW01516-8374-TFK659-TTG624-MFGM484CDTFK.xml
AANBD159TED5,18.0,-96.0,3335.092,19.3019,-96.51,3361.719971,1.398228740228152,-26.62797099999989,2026-03-26T10.03.50.2581867-LCTW01516-8374-DMT115-TTG624-DMTDUMMY.xml,2026-03-25T13.38.44.1119450-LCTW01516-8374-TFK659-TTG624-MFGM484CDTFK.xml
AANBD159TED5,18.0,96.0,3336.085,19.3019,96.51,3363.909912,1.398228740228152,-27.82491200000004,2026-03-26T10.03.50.2581867-LCTW01516-8374-DMT115-TTG624-DMTDUMMY.xml,2026-03-25T13.38.44.1119450-LCTW01516-8374-TFK659-TTG624-MFGM484CDTFK.xml
AANBD159TED5,96.0,18.0,3336.604,96.51,19.3019,3362.060059,1.398228740228152,-25.456059000000096,2026-03-26T10.03.50.2581867-LCTW01516-8374-DMT115-TTG624-DMTDUMMY.xml,2026-03-25T13.38.44.1119450-LCTW01516-8374-TFK659-TTG624-MFGM484CDTFK.xml
AANBD159TED5,72.0,-69.0,3335.698,71.2039,-69.2075,3364.47998,0.8226976722952309,-28.781980000000203,2026-03-26T10.03.50.2581867-LCTW01516-8374-DMT115-TTG624-DMTDUMMY.xml,2026-03-25T13.38.44.1119450-LCTW01516-8374-TFK659-TTG624-MFGM484CDTFK.xml
AANBD159TED5,-96.0,-57.0,3332.856,-96.51,-57.9062,3361.610107,1.0398550091238692,-28.75410699999975,2026-03-26T10.03.50.2581867-LCTW01516-8374-DMT115-TTG624-DMTDUMMY.xml,2026-03-25T13.38.44.1119450-LCTW01516-8374-TFK659-TTG624-MFGM484CDTFK.xml
AANBD159TED5,-57.0,-96.0,3333.675,-57.9062,-96.51,3361.77002,1.0398550091238692,-28.09501999999975,2026-03-26T10.03.50.2581867-LCTW01516-8374-DMT115-TTG624-DMTDUMMY.xml,2026-03-25T13.38.44.1119450-LCTW01516-8374-TFK659-TTG624-MFGM484CDTFK.xml
AANBD159TED5,-57.0,96.0,3334.908,-57.9062,96.51,3363.01001,1.0398550091238692,-28.102010000000064,2026-03-26T10.03.50.2581867-LCTW01516-8374-DMT115-TTG624-DMTDUMMY.xml,2026-03-25T13.38.44.1119450-LCTW01516-8374-TFK659-TTG624-MFGM484CDTFK.xml
AANBD159TED5,96.0,63.0,3336.079,94.9361,61.8829,3363.139893,1.5426586206935122,-27.06089299999985,2026-03-26T10.03.50.2581867-LCTW01516-8374-DMT115-TTG624-DMTDUMMY.xml,2026-03-25T13.38.44.1119450-LCTW01516-8374-TFK659-TTG624-MFGM484CDTFK.xml
AANBD159TED5,-120.0,-3.0,3330.436,-118.655,-3.6622,3358.639893,1.4991777212859043,-28.20389299999988,2026-03-26T10.03.50.2581867-LCTW01516-8374-DMT115-TTG624-DMTDUMMY.xml,2026-03-25T13.38.44.1119450-LCTW01516-8374-TFK659-TTG624-MFGM484CDTFK.xml
AANBD159TED5,0.0,126.0,3333.307,0.0067,127.428,3360.060059,1.4280157177006112,-26.75305900000012,2026-03-26T10.03.50.2581867-LCTW01516-8374-DMT115-TTG624-DMTDUMMY.xml,2026-03-25T13.38.44.1119450-LCTW01516-8374-TFK659-TTG624-MFGM484CDTFK.xml
AANBD159TED5,0.0,-135.0,3325.405,0.0067,-134.7529999,3355.659912,0.24709095369926845,-30.254911999999877,2026-03-26T10.03.50.2581867-LCTW01516-8374-DMT115-TTG624-DMTDUMMY.xml,2026-03-25T13.38.44.1119450-LCTW01516-8374-TFK659-TTG624-MFGM484CDTFK.xml
AANBD159TED5,-96.0,96.0,3328.428,-96.51,96.51,3356.889893,0.7212489168102857,-28.461893000000146,2026-03-26T10.03.50.2581867-LCTW01516-8374-DMT115-TTG624-DMTDUMMY.xml,2026-03-25T13.38.44.1119450-LCTW01516-8374-TFK659-TTG624-MFGM484CDTFK.xml
AANBD159TED5,96.0,-96.0,3329.056,96.51,-96.51,3356.570068,0.7212489168102857,-27.514067999999952,2026-03-26T10.03.50.2581867-LCTW01516-8374-DMT115-TTG624-DMTDUMMY.xml,2026-03-25T13.38.44.1119450-LCTW01516-8374-TFK659-TTG624-MFGM484CDTFK.xml
AANBD159TED5,135.0,18.0,3328.565,136.2,19.3019,3356.790039,1.7705771968485227,-28.225038999999924,2026-03-26T10.03.50.2581867-LCTW01516-8374-DMT115-TTG624-DMTDUMMY.xml,2026-03-25T13.38.44.1119450-LCTW01516-8374-TFK659-TTG624-MFGM484CDTFK.xml
AANBD159TED5,72.0,126.0,3327.317,71.2039,127.428,3353.899902,1.6349187166339447,-26.582902000000104,2026-03-26T10.03.50.2581867-LCTW01516-8374-DMT115-TTG624-DMTDUMMY.xml,2026-03-25T13.38.44.1119450-LCTW01516-8374-TFK659-TTG624-MFGM484CDTFK.xml
AANBD159TED5,141.0,-36.0,3328.03,142.401,-36.4348,3360.419922,1.466919234313884,-32.38992199999984,2026-03-26T10.03.50.2581867-LCTW01516-8374-DMT115-TTG624-DMTDUMMY.xml,2026-03-25T13.38.44.1119450-LCTW01516-8374-TFK659-TTG624-MFGM484CDTFK.xml
AANBD159TED5,-135.0,-57.0,3347.951,-136.2,-57.9062,3379.280029,1.503728180224062,-31.32902899999999,2026-03-26T10.03.50.2581867-LCTW01516-8374-DMT115-TTG624-DMTDUMMY.xml,2026-03-25T13.38.44.1119450-LCTW01516-8374-TFK659-TTG624-MFGM484CDTFK.xml
AANBD159TED5,-135.0,57.0,3347.323,-136.2,57.9062,3382.300049,1.503728180224062,-34.97704900000008,2026-03-26T10.03.50.2581867-LCTW01516-8374-DMT115-TTG624-DMTDUMMY.xml,2026-03-25T13.38.44.1119450-LCTW01516-8374-TFK659-TTG624-MFGM484CDTFK.xml
AANBD159TED5,-57.0,-135.0,3349.193,-57.9062,-136.2,3377.780029,1.503728180224062,-28.587028999999802,2026-03-26T10.03.50.2581867-LCTW01516-8374-DMT115-TTG624-DMTDUMMY.xml,2026-03-25T13.38.44.1119450-LCTW01516-8374-TFK659-TTG624-MFGM484CDTFK.xml
AANBD159TED5,-57.0,135.0,3346.933,-57.9062,136.2,3381.179932,1.503728180224062,-34.246932000000015,2026-03-26T10.03.50.2581867-LCTW01516-8374-DMT115-TTG624-DMTDUMMY.xml,2026-03-25T13.38.44.1119450-LCTW01516-8374-TFK659-TTG624-MFGM484CDTFK.xml
AANBD159TED5,57.0,-135.0,3352.912,57.9062,-136.2,3378.699951,1.503728180224062,-25.78795100000025,2026-03-26T10.03.50.2581867-LCTW01516-8374-DMT115-TTG624-DMTDUMMY.xml,2026-03-25T13.38.44.1119450-LCTW01516-8374-TFK659-TTG624-MFGM484CDTFK.xml
